Episode,Total Reward,Epsilon
2,-6.999999999999993,0.990
3,-10.79999999999998,0.985
4,-11.399999999999975,0.980
5,-6.299999999999995,0.975
6,-10.39999999999998,0.970
7,100.6,0.966
8,-11.399999999999977,0.961
9,-6.199999999999981,0.956
10,-4.2,0.951
11,-10.799999999999981,0.946
12,-11.799999999999978,0.942
13,-6.999999999999993,0.937
14,-11.599999999999977,0.932
15,-11.999999999999973,0.928
16,-11.199999999999978,0.923
17,-9.99999999999998,0.918
18,-11.799999999999981,0.914
19,-10.099999999999984,0.909
20,-8.599999999999985,0.905
21,-9.299999999999976,0.900
22,-7.199999999999993,0.896
23,-10.19999999999998,0.891
24,-9.299999999999985,0.887
25,-10.39999999999998,0.882
26,-6.599999999999994,0.878
27,-10.59999999999998,0.873
28,-10.39999999999998,0.869
29,-10.39999999999998,0.865
30,-8.899999999999977,0.860
31,101.8,0.856
32,-6.599999999999994,0.852
33,-6.999999999999993,0.848
34,-4.3000000000000025,0.843
35,-13.399999999999977,0.839
36,-10.799999999999981,0.835
37,-3.500000000000004,0.831
38,-10.799999999999972,0.827
39,-4.6000000000000005,0.822
40,-6.499999999999994,0.818
41,-9.99999999999998,0.814
42,-10.19999999999998,0.810
43,-5.7999999999999945,0.806
44,-10.39999999999998,0.802
45,-7.19999999999998,0.798
46,-10.699999999999983,0.794
47,-10.59999999999998,0.790
48,-10.59999999999998,0.786
49,-5.2,0.782
50,-3.2000000000000006,0.778
51,-10.39999999999998,0.774
52,-9.299999999999976,0.771
53,-4.8999999999999995,0.767
54,-10.19999999999998,0.763
55,-8.899999999999977,0.759
56,-9.399999999999983,0.755
57,-9.299999999999983,0.751
58,-13.599999999999977,0.748
59,-10.799999999999978,0.744
60,-6.799999999999978,0.740
61,100.6,0.737
62,-11.199999999999976,0.733
63,99.7,0.729
64,-6.399999999999996,0.726
65,-7.599999999999992,0.722
66,-6.699999999999992,0.718
67,-3.8000000000000056,0.715
68,-9.99999999999998,0.711
69,-5.899999999999998,0.708
70,-5.999999999999981,0.704
71,-10.79999999999998,0.701
72,-12.19999999999997,0.697
73,-3.800000000000004,0.694
74,101.8,0.690
75,-10.499999999999975,0.687
76,-13.19999999999997,0.683
77,-10.699999999999982,0.680
78,-6.399999999999994,0.676
79,-10.19999999999998,0.673
80,102.1,0.670
81,-11.399999999999975,0.666
82,-10.19999999999998,0.663
83,-5.799999999999981,0.660
84,-3.1000000000000036,0.656
85,-13.099999999999989,0.653
86,-11.999999999999973,0.650
87,-10.59999999999998,0.647
88,99.7,0.643
89,-11.599999999999984,0.640
90,-3.3000000000000047,0.637
91,99.6,0.634
92,101.2,0.631
93,-8.49999999999998,0.627
94,-10.09999999999998,0.624
95,-10.39999999999998,0.621
96,-12.999999999999973,0.618
97,-10.39999999999998,0.615
98,101.8,0.612
99,101.2,0.609
100,-11.199999999999976,0.606
101,-9.599999999999982,0.603
102,-10.59999999999998,0.600
103,-10.39999999999998,0.597
104,102.2,0.594
105,-10.29999999999998,0.591
106,-10.299999999999972,0.588
107,102.1,0.585
108,-10.39999999999998,0.582
109,-10.59999999999998,0.579
110,0.8000000000000169,0.576
111,-8.299999999999986,0.573
112,99.7,0.570
113,-6.899999999999992,0.568
114,15.099999999999916,0.565
115,-11.599999999999975,0.562
116,104.8,0.559
117,-10.39999999999998,0.556
118,-10.59999999999998,0.554
119,-9.899999999999975,0.551
120,-4.600000000000001,0.548
121,-9.99999999999998,0.545
122,-5.499999999999999,0.543
123,-10.599999999999978,0.540
124,-9.99999999999998,0.537
125,101.8,0.534
126,-7.199999999999991,0.532
127,-12.599999999999971,0.529
128,-7.0999999999999925,0.526
129,-7.199999999999989,0.524
130,107.3,0.521
131,-11.199999999999978,0.519
132,-10.39999999999998,0.516
133,99.1,0.513
134,-8.899999999999986,0.511
135,-3.199999999999985,0.508
136,-10.39999999999998,0.506
137,-6.999999999999992,0.503
138,100.9,0.501
139,-10.799999999999981,0.498
,,
141,-2.500000000000001,0.493
142,101.8,0.491
143,99.7,0.488
144,103.3,0.486
145,-12.399999999999974,0.483
146,101.8,0.481
147,-10.299999999999983,0.479
148,102.6,0.476
149,111.4,0.474
150,-11.999999999999975,0.471
151,-10.599999999999978,0.469
152,-12.199999999999974,0.467
153,99.4,0.464
154,-7.199999999999993,0.462
155,-6.199999999999981,0.460
156,103.3,0.458
157,-6.7999999999999945,0.455
158,101.2,0.453
159,-1.900000000000005,0.451
160,1.1000000000000125,0.448
161,-10.59999999999998,0.446
162,9.000000000000023,0.444
163,-3.199999999999997,0.442
164,-11.199999999999976,0.440
165,102.8,0.437
166,-10.599999999999978,0.435
167,101.2,0.433
168,102.3,0.431
169,-4.300000000000003,0.429
170,-10.299999999999981,0.427
171,-8.699999999999987,0.424
172,-2.8999999999999924,0.422
173,0.5000000000000152,0.420
174,-9.99999999999998,0.418
175,-11.099999999999977,0.416
176,102.4,0.414
177,100.4,0.412
178,25.699999999999935,0.410
179,-10.19999999999998,0.408
180,101.2,0.406
181,106.8,0.404
182,103.3,0.402
183,100.6,0.400
184,101.5,0.398
185,101.2,0.396
186,-4.8999999999999915,0.394
187,101.2,0.392
188,-10.59999999999998,0.390
189,-11.199999999999976,0.388
190,104.2,0.386
191,-10.599999999999978,0.384
192,101.2,0.382
193,101.8,0.380
194,-10.599999999999978,0.378
195,101.2,0.376
196,-10.199999999999982,0.374
197,-9.699999999999983,0.373
198,100.6,0.371
199,-4.999999999999999,0.369
200,101.8,0.367
201,100.0,0.365
202,-10.39999999999998,0.363
203,-9.99999999999998,0.361
204,101.8,0.360
205,-1.4999999999999938,0.358
206,102.1,0.356
207,-8.999999999999972,0.354
208,-10.199999999999982,0.353
209,102.0,0.351
210,105.5,0.349
211,-4.7,0.347
212,16.79999999999991,0.346
213,-11.399999999999975,0.344
214,1.7000000000000086,0.342
215,-11.199999999999978,0.340
216,-9.699999999999982,0.339
217,109.1,0.337
218,102.2,0.335
219,103.6,0.334
220,101.2,0.332
221,-9.99999999999998,0.330
222,-9.699999999999983,0.329
223,102.1,0.327
224,104.8,0.325
225,99.4,0.324
226,-9.99999999999998,0.322
227,104.1,0.321
228,106.7,0.319
229,101.2,0.317
230,107.5,0.316
231,-10.999999999999977,0.314
232,9.900000000000018,0.313
233,-11.199999999999983,0.311
234,101.8,0.309
235,104.2,0.308
236,100.6,0.306
237,42.89999999999996,0.305
238,114.7,0.303
239,28.799999999999944,0.302
240,-10.399999999999979,0.300
241,103.3,0.299
242,-12.599999999999978,0.297
243,-10.59999999999998,0.296
244,107.5,0.294
245,114.1,0.293
246,105.5,0.291
247,103.1,0.290
248,-6.399999999999994,0.288
249,101.2,0.287
250,-10.999999999999977,0.286
251,101.2,0.284
252,99.6,0.283
253,100.6,0.281
254,100.6,0.280
255,100.4,0.279
256,101.2,0.277
257,101.2,0.276
258,-8.699999999999987,0.274
259,101.2,0.273
260,105.7,0.272
261,102.7,0.270
262,101.8,0.269
263,101.8,0.268
264,-7.299999999999991,0.266
265,-10.999999999999979,0.265
266,101.2,0.264
267,-6.199999999999997,0.262
268,-6.799999999999991,0.261
269,0.4000000000000027,0.260
270,72.60000000000024,0.258
271,103.6,0.257
272,102.1,0.256
273,101.8,0.255
274,-10.19999999999998,0.253
275,105.0,0.252
276,104.8,0.251
277,-2.4999999999999862,0.249
278,-8.099999999999987,0.248
279,101.2,0.247
280,-11.199999999999985,0.246
281,-7.399999999999983,0.245
282,100.6,0.243
283,41.699999999999925,0.242
284,101.8,0.241
285,36.79999999999999,0.240
286,-10.999999999999977,0.238
287,103.3,0.237
288,-10.59999999999998,0.236
289,-10.39999999999998,0.235
290,-6.499999999999994,0.234
291,25.19999999999993,0.233
292,101.8,0.231
293,5.800000000000017,0.230
294,101.8,0.229
295,-10.39999999999998,0.228
296,104.4,0.227
297,101.2,0.226
298,101.8,0.225
299,5.600000000000028,0.223
300,102.1,0.222
301,106.0,0.221
302,101.8,0.220
303,101.8,0.219
304,101.2,0.218
305,-8.09999999999999,0.217
306,-10.199999999999982,0.216
307,100.0,0.215
308,99.7,0.214
309,32.99999999999997,0.212
310,-10.19999999999998,0.211
311,103.0,0.210
312,98.8,0.209
313,102.7,0.208
314,-9.99999999999998,0.207
315,-10.59999999999998,0.206
316,-9.99999999999998,0.205
317,102.1,0.204
318,-8.499999999999988,0.203
319,100.6,0.202
320,107.2,0.201
321,100.6,0.200
322,99.7,0.199
323,104.4,0.198
324,113.30000000000001,0.197
325,101.2,0.196
326,100.8,0.195
327,101.4,0.194
328,99.7,0.193
329,101.8,0.192
330,103.3,0.191
331,9.100000000000012,0.190
332,100.8,0.189
333,80.80000000000013,0.188
334,101.7,0.187
335,100.5,0.187
336,-6.099999999999995,0.186
337,100.6,0.185
338,102.7,0.184
339,106.7,0.183
340,-10.399999999999979,0.182
341,101.2,0.181
342,105.1,0.180
343,-10.599999999999982,0.179
344,99.4,0.178
345,101.2,0.177
346,101.7,0.177
347,100.6,0.176
348,-3.9000000000000044,0.175
349,108.6,0.174
350,103.0,0.173
351,99.4,0.172
352,-10.19999999999998,0.171
353,-4.200000000000003,0.170
354,101.2,0.170
355,102.1,0.169
356,80.19999999999999,0.168
357,-10.39999999999998,0.167
358,4.200000000000026,0.166
359,99.7,0.165
360,99.7,0.165
361,-11.199999999999982,0.164
362,101.2,0.163
363,100.6,0.162
364,101.8,0.161
365,100.6,0.160
366,101.8,0.160
367,98.5,0.159
368,104.2,0.158
369,103.5,0.157
370,-10.399999999999979,0.157
371,101.2,0.156
372,100.0,0.155
373,102.9,0.154
374,101.8,0.153
375,101.8,0.153
376,104.7,0.152
377,101.8,0.151
378,100.0,0.150
379,100.6,0.150
380,39.19999999999991,0.149
381,103.2,0.148
382,101.6,0.147
383,101.2,0.147
384,105.1,0.146
385,-10.59999999999998,0.145
386,101.8,0.144
387,101.8,0.144
388,-10.199999999999982,0.143
389,101.2,0.142
390,101.2,0.142
391,-10.399999999999979,0.141
392,101.2,0.140
393,99.7,0.139
394,-10.39999999999998,0.139
395,-10.59999999999998,0.138
396,102.9,0.137
397,99.4,0.137
398,101.2,0.136
399,103.6,0.135
400,101.2,0.135
401,117.19999999999999,0.134
402,-10.199999999999982,0.133
403,-10.199999999999982,0.133
404,56.099999999999966,0.132
405,101.2,0.131
406,99.7,0.131
407,101.8,0.130
408,103.3,0.129
409,101.8,0.129
410,100.4,0.128
411,-10.199999999999982,0.127
412,-10.199999999999982,0.127
413,106.5,0.126
414,22.10000000000002,0.126
415,100.9,0.125
416,-12.39999999999998,0.124
417,100.9,0.124
418,101.5,0.123
419,-10.799999999999981,0.122
420,101.3,0.122
421,101.2,0.121
422,101.2,0.121
423,107.7,0.120
424,103.6,0.119
425,-10.399999999999983,0.119
426,-8.499999999999982,0.118
427,29.699999999999918,0.118
428,24.99999999999995,0.117
429,-10.39999999999998,0.116
430,100.9,0.116
431,2.6000000000000245,0.115
432,101.8,0.115
433,-10.39999999999998,0.114
434,102.7,0.114
435,99.7,0.113
436,31.099999999999916,0.112
437,-10.19999999999998,0.112
438,-10.39999999999998,0.111
439,107.4,0.111
440,100.9,0.110
441,-10.39999999999998,0.110
442,100.8,0.109
443,17.69999999999992,0.109
444,101.2,0.108
445,-6.799999999999983,0.107
446,111.20000000000019,0.107
447,100.6,0.106
448,100.5,0.106
449,1.3000000000000154,0.105
450,9.700000000000015,0.105
451,104.0,0.104
452,101.2,0.104
453,3.700000000000007,0.103
454,101.2,0.103
455,102.3,0.102
456,99.7,0.102
457,101.2,0.101
458,102.1,0.101
459,104.2,0.100
460,101.5,0.100
461,99.7,0.099
462,101.2,0.099
463,101.2,0.098
464,99.7,0.098
465,131.3,0.097
466,99.7,0.097
467,102.0,0.096
468,101.8,0.096
469,4.500000000000032,0.095
470,101.8,0.095
471,101.8,0.094
472,88.20000000000022,0.094
473,102.7,0.093
474,100.0,0.093
475,-4.6000000000000005,0.092
476,105.3,0.092
477,-10.39999999999998,0.092
478,101.2,0.091
479,6.6000000000000245,0.091
480,102.7,0.090
481,99.7,0.090
482,101.2,0.089
483,14.899999999999924,0.089
484,101.2,0.088
485,101.9,0.088
486,101.8,0.088
487,124.5,0.087
488,75.39999999999999,0.087
489,-10.599999999999978,0.086
490,100.0,0.086
491,101.2,0.085
492,100.8,0.085
493,-10.399999999999983,0.084
494,-10.999999999999982,0.084
495,101.2,0.084
496,99.7,0.083
497,-10.399999999999983,0.083
498,102.7,0.082
499,104.2,0.082
500,101.2,0.082
501,101.8,0.081
502,101.2,0.081
503,102.4,0.080
504,99.7,0.080
505,79.4,0.080
506,100.0,0.079
507,101.8,0.079
508,100.0,0.078
509,102.7,0.078
510,101.8,0.078
511,101.5,0.077
512,99.7,0.077
513,-11.599999999999982,0.076
514,66.8,0.076
515,-10.199999999999982,0.076
516,101.2,0.075
517,104.7,0.075
518,103.5,0.075
519,-0.09999999999998455,0.074
520,99.7,0.074
521,100.4,0.073
522,106.60000000000001,0.073
523,102.1,0.073
524,104.2,0.072
525,103.8,0.072
526,-10.799999999999983,0.072
527,101.2,0.071
528,101.8,0.071
529,101.2,0.071
530,102.4,0.070
531,101.2,0.070
532,100.0,0.069
533,50.89999999999999,0.069
534,99.7,0.069
535,101.8,0.068
536,101.8,0.068
537,101.8,0.068
538,100.2,0.067
539,99.7,0.067
540,39.39999999999997,0.067
541,100.6,0.066
542,-10.299999999999986,0.066
543,101.7,0.066
544,103.6,0.065
545,101.2,0.065
546,101.2,0.065
547,106.7,0.064
548,101.2,0.064
549,100.0,0.064
550,103.8,0.063
551,103.6,0.063
552,99.7,0.063
553,102.7,0.063
554,87.10000000000021,0.062
555,101.2,0.062
556,101.8,0.062
557,101.2,0.061
558,102.3,0.061
559,100.6,0.061
560,99.7,0.060
561,101.2,0.060
562,-10.39999999999998,0.060
563,-10.39999999999998,0.059
564,99.7,0.059
565,3.90000000000003,0.059
566,100.0,0.059
567,-10.39999999999998,0.058
568,140.1,0.058
569,101.2,0.058
570,101.8,0.057
571,-10.39999999999998,0.057
572,101.2,0.057
573,69.10000000000001,0.057
574,100.8,0.056
575,-10.199999999999982,0.056
576,101.2,0.056
577,-10.39999999999998,0.055
578,99.4,0.055
579,101.4,0.055
580,101.8,0.055
581,101.8,0.054
582,101.8,0.054
583,101.2,0.054
584,104.4,0.054
585,161.00000000000003,0.053
586,101.8,0.053
587,101.2,0.053
588,99.3,0.052
589,73.3,0.052
590,99.4,0.052
591,103.3,0.052
592,-9.49999999999999,0.051
593,101.8,0.051
594,100.6,0.051
595,101.2,0.051
596,101.8,0.050
597,101.2,0.050
598,100.6,0.050
599,100.3,0.050
600,102.9,0.049
601,100.1,0.049
602,-10.39999999999998,0.049
603,-10.39999999999998,0.049
604,101.2,0.048
605,103.6,0.048
606,100.0,0.048
607,101.8,0.048
608,100.6,0.047
609,101.4,0.047
610,100.6,0.047
611,100.6,0.047
612,101.8,0.047
613,101.2,0.046
614,102.1,0.046
615,9.999999999999995,0.046
616,99.9,0.046
617,99.7,0.045
618,100.5,0.045
619,102.1,0.045
620,32.89999999999998,0.045
621,102.7,0.044
622,68.9,0.044
623,101.8,0.044
624,-10.79999999999998,0.044
625,101.2,0.044
626,100.6,0.043
627,100.9,0.043
628,104.4,0.043
629,100.6,0.043
630,50.79999999999997,0.043
631,101.2,0.042
632,98.6,0.042
633,101.4,0.042
634,101.2,0.042
635,-10.599999999999982,0.041
636,101.8,0.041
637,101.8,0.041
638,102.7,0.041
639,101.2,0.041
640,101.2,0.040
641,102.1,0.040
642,103.3,0.040
643,98.0,0.040
644,99.7,0.040
645,101.8,0.039
646,101.8,0.039
647,101.8,0.039
648,101.5,0.039
649,103.8,0.039
650,101.2,0.038
651,72.9,0.038
652,101.2,0.038
653,99.7,0.038
654,102.1,0.038
655,101.2,0.038
656,100.3,0.037
657,-13.399999999999984,0.037
658,101.8,0.037
659,102.7,0.037
660,-10.19999999999998,0.037
661,99.7,0.036
662,100.4,0.036
663,103.2,0.036
664,101.2,0.036
665,105.5,0.036
666,101.2,0.035
667,103.3,0.035
668,105.7,0.035
669,100.6,0.035
670,101.4,0.035
671,100.8,0.035
672,101.8,0.034
673,102.1,0.034
674,101.8,0.034
675,103.8,0.034
676,98.8,0.034
677,101.2,0.034
678,102.3,0.033
679,-10.59999999999998,0.033
680,-10.599999999999982,0.033
681,101.5,0.033
682,101.2,0.033
683,103.2,0.033
684,100.0,0.032
685,101.8,0.032
686,101.4,0.032
687,-10.599999999999982,0.032
688,101.8,0.032
689,-20.20000000000007,0.032
690,101.2,0.031
691,101.2,0.031
692,100.8,0.031
693,101.8,0.031
694,101.8,0.031
695,-11.199999999999985,0.031
696,99.7,0.031
697,101.2,0.030
698,58.49999999999996,0.030
699,101.2,0.030
700,71.4,0.030
701,104.2,0.030
702,101.2,0.030
703,99.7,0.029
704,103.3,0.029
705,106.4,0.029
706,69.10000000000001,0.029
707,101.2,0.029
708,100.6,0.029
709,101.2,0.029
710,101.8,0.028
711,102.1,0.028
712,101.2,0.028
713,101.2,0.028
714,101.2,0.028
715,99.7,0.028
716,104.0,0.028
717,103.2,0.027
718,101.2,0.027
719,104.2,0.027
720,99.7,0.027
721,101.5,0.027
722,101.8,0.027
723,99.7,0.027
724,100.0,0.027
725,101.8,0.026
726,103.8,0.026
727,104.0,0.026
728,101.8,0.026
729,101.2,0.026
730,-10.799999999999981,0.026
731,101.2,0.026
732,101.2,0.025
733,99.7,0.025
734,101.4,0.025
735,101.2,0.025
736,101.8,0.025
737,99.7,0.025
738,69.3,0.025
739,-8.499999999999988,0.025
740,101.2,0.024
741,101.2,0.024
742,101.8,0.024
743,101.8,0.024
744,-10.599999999999982,0.024
745,167.10000000000002,0.024
746,101.8,0.024
747,102.1,0.024
748,101.2,0.024
749,104.4,0.023
750,-10.999999999999982,0.023
751,51.09999999999999,0.023
752,101.8,0.023
753,101.2,0.023
754,-9.99999999999998,0.023
755,-10.599999999999982,0.023
756,101.8,0.023
757,71.0,0.022
758,101.8,0.022
759,101.8,0.022
760,44.19999999999995,0.022
761,39.3,0.022
762,101.2,0.022
763,100.6,0.022
764,101.8,0.022
765,102.3,0.022
766,101.8,0.022
767,95.00000000000001,0.021
768,103.1,0.021
769,101.8,0.021
770,99.7,0.021
771,75.2,0.021
772,102.9,0.021
773,101.2,0.021
774,99.7,0.021
775,101.8,0.021
776,103.6,0.020
777,101.8,0.020
778,103.1,0.020
779,101.2,0.020
780,100.8,0.020
781,99.7,0.020
782,101.2,0.020
783,102.7,0.020
784,-10.19999999999998,0.020
785,44.49999999999997,0.020
786,-10.799999999999981,0.019
787,-6.399999999999996,0.019
788,-10.199999999999982,0.019
789,103.3,0.019
790,-10.599999999999982,0.019
791,99.0,0.019
792,54.90000000000001,0.019
793,100.3,0.019
794,104.2,0.019
795,102.1,0.019
796,103.8,0.019
797,101.8,0.018
798,101.5,0.018
799,101.2,0.018
800,101.8,0.018
801,99.7,0.018
802,101.2,0.018
803,-13.999999999999988,0.018
804,103.8,0.018
805,104.2,0.018
806,102.7,0.018
807,-10.59999999999998,0.018
808,101.2,0.017
809,100.6,0.017
810,99.7,0.017
811,-10.599999999999978,0.017
812,-8.89999999999999,0.017
813,100.8,0.017
814,102.1,0.017
815,101.8,0.017
816,165.5,0.017
817,101.8,0.017
818,103.9,0.017
819,101.8,0.016
820,101.2,0.016
821,101.8,0.016
822,99.7,0.016
823,99.7,0.016
824,101.2,0.016
825,-11.799999999999985,0.016
826,16.600000000000005,0.016
827,99.7,0.016
828,23.199999999999946,0.016
829,100.0,0.016
830,-10.39999999999998,0.016
831,101.8,0.016
832,-10.39999999999998,0.015
833,75.2,0.015
834,101.4,0.015
835,104.7,0.015
836,102.7,0.015
837,99.7,0.015
838,38.89999999999995,0.015
839,101.8,0.015
840,101.2,0.015
841,100.6,0.015
842,103.8,0.015
843,101.8,0.015
844,101.4,0.015
845,30.79999999999999,0.014
846,103.8,0.014
847,101.2,0.014
848,175.3,0.014
849,101.8,0.014
850,99.7,0.014
851,101.8,0.014
852,101.8,0.014
853,102.1,0.014
854,100.4,0.014
855,101.8,0.014
856,100.4,0.014
857,100.5,0.014
858,101.2,0.014
859,102.1,0.013
860,100.0,0.013
861,102.7,0.013
862,101.2,0.013
863,101.8,0.013
864,77.20000000000013,0.013
865,101.2,0.013
866,100.6,0.013
867,101.7,0.013
868,100.6,0.013
869,-10.799999999999983,0.013
870,104.2,0.013
871,103.0,0.013
872,100.6,0.013
873,-10.399999999999979,0.013
874,101.2,0.013
875,99.7,0.012
876,101.2,0.012
877,101.2,0.012
878,101.2,0.012
879,101.2,0.012
880,100.8,0.012
881,102.1,0.012
882,102.5,0.012
883,100.6,0.012
884,104.2,0.012
885,102.7,0.012
886,175.1,0.012
887,-11.59999999999998,0.012
888,101.8,0.012
889,18.499999999999908,0.012
890,101.8,0.012
891,73.1,0.011
892,103.1,0.011
893,102.1,0.011
894,101.8,0.011
895,-10.999999999999982,0.011
896,102.1,0.011
897,101.8,0.011
898,99.7,0.011
899,101.2,0.011
900,-11.599999999999984,0.011
901,101.2,0.011
902,101.4,0.011
903,102.7,0.011
904,-10.19999999999998,0.011
905,102.1,0.011
906,101.8,0.011
907,101.2,0.011
908,-10.599999999999982,0.011
909,101.2,0.010
910,100.6,0.010
911,101.2,0.010
912,-10.199999999999982,0.010
913,103.2,0.010
914,101.2,0.010
915,101.2,0.010
916,101.8,0.010
917,105.7,0.010
918,100.3,0.010
919,101.2,0.010
920,101.2,0.010
921,101.8,0.010
922,101.8,0.010
923,75.0,0.010
924,101.8,0.010
925,32.6,0.010
926,101.2,0.010
927,75.0,0.010
928,101.3,0.010
929,102.3,0.010
930,101.2,0.010
931,101.4,0.010
932,101.8,0.010
933,101.8,0.010
934,101.2,0.010
935,103.6,0.010
936,102.3,0.010
937,101.2,0.010
938,101.2,0.010
939,100.0,0.010
940,101.8,0.010
941,106.9,0.010
942,101.2,0.010
943,101.8,0.010
944,-10.39999999999998,0.010
945,100.6,0.010
946,99.7,0.010
947,99.7,0.010
948,-10.599999999999982,0.010
949,55.3,0.010
950,-10.799999999999983,0.010
951,102.9,0.010
952,72.9,0.010
953,99.7,0.010
954,101.2,0.010
955,77.2,0.010
956,101.2,0.010
957,-10.999999999999982,0.010
958,-10.199999999999982,0.010
959,103.8,0.010
960,-10.39999999999998,0.010
961,-10.79999999999998,0.010
962,101.8,0.010
963,18.69999999999991,0.010
964,102.1,0.010
965,102.7,0.010
966,101.2,0.010
967,101.2,0.010
968,100.0,0.010
969,102.7,0.010
970,101.0,0.010
971,101.8,0.010
972,104.1,0.010
973,102.7,0.010
974,101.2,0.010
975,99.7,0.010
976,101.2,0.010
977,101.2,0.010
978,99.7,0.010
979,101.8,0.010
980,101.2,0.010
981,100.6,0.010
982,39.19999999999999,0.010
983,-10.39999999999998,0.010
984,14.799999999999917,0.010
985,101.2,0.010
986,100.6,0.010
987,101.8,0.010
988,99.7,0.010
989,99.7,0.010
990,105.3,0.010
991,-10.599999999999982,0.010
992,73.10000000000001,0.010
993,175.1,0.010
994,101.2,0.010
995,101.8,0.010
996,100.8,0.010
997,102.1,0.010
998,104.5,0.010
999,-10.799999999999981,0.010
1000,101.8,0.010
1001,104.2,0.010
1002,100.6,0.010
1003,99.7,0.010
1004,100.2,0.010
1005,99.7,0.010
1006,-10.59999999999998,0.010
1007,-10.199999999999982,0.010
1008,100.6,0.010
1009,101.2,0.010
1010,101.2,0.010
1011,101.8,0.010
1012,101.2,0.010
1013,101.4,0.010
1014,-10.39999999999998,0.010
1015,101.2,0.010
1016,102.5,0.010
1017,-12.599999999999993,0.010
1018,-12.799999999999986,0.010
1019,-10.599999999999982,0.010
1020,99.7,0.010
1021,101.8,0.010
1022,101.2,0.010
1023,104.4,0.010
1024,101.8,0.010
1025,100.6,0.010
1026,171.4,0.010
1027,101.2,0.010
1028,104.6,0.010
1029,101.2,0.010
1030,101.2,0.010
1031,99.7,0.010
1032,106.2,0.010
1033,101.2,0.010
1034,103.6,0.010
1035,104.0,0.010
1036,101.8,0.010
1037,101.4,0.010
1038,100.6,0.010
1039,101.8,0.010
1040,100.6,0.010
1041,101.8,0.010
1042,71.0,0.010
1043,100.6,0.010
1044,100.6,0.010
1045,101.8,0.010
1046,-10.599999999999982,0.010
1047,104.0,0.010
1048,69.10000000000001,0.010
1049,105.7,0.010
1050,-10.19999999999998,0.010
1051,102.1,0.010
1052,101.7,0.010
1053,101.8,0.010
1054,101.8,0.010
1055,106.4,0.010
1056,100.6,0.010
1057,102.8,0.010
1058,-10.39999999999998,0.010
1059,101.8,0.010
1060,105.1,0.010
1061,99.7,0.010
1062,99.6,0.010
1063,101.2,0.010
1064,71.0,0.010
1065,101.2,0.010
1066,159.09999999999997,0.010
1067,-10.199999999999982,0.010
1068,101.8,0.010
1069,102.8,0.010
1070,102.7,0.010
1071,101.2,0.010
1072,101.2,0.010
1073,100.6,0.010
1074,100.6,0.010
1075,102.3,0.010
1076,-13.199999999999989,0.010
1077,100.6,0.010
1078,101.7,0.010
1079,101.2,0.010
1080,-10.399999999999979,0.010
1081,101.2,0.010
1082,102.1,0.010
1083,103.1,0.010
1084,102.1,0.010
1085,101.2,0.010
1086,102.7,0.010
1087,100.6,0.010
1088,101.1,0.010
1089,54.999999999999986,0.010
1090,99.7,0.010
1091,18.500000000000007,0.010
1092,105.1,0.010
1093,101.2,0.010
1094,101.8,0.010
1095,100.8,0.010
1096,70.8,0.010
1097,104.2,0.010
1098,101.0,0.010
1099,104.1,0.010
1100,105.5,0.010
1101,101.8,0.010
1102,-10.59999999999998,0.010
1103,101.8,0.010
1104,-10.199999999999982,0.010
1105,101.2,0.010
1106,101.2,0.010
1107,100.6,0.010
1108,98.3,0.010
1109,102.1,0.010
1110,101.8,0.010
1111,101.8,0.010
1112,101.2,0.010
1113,106.5,0.010
1114,102.1,0.010
1115,-17.40000000000003,0.010
1116,102.8,0.010
1117,104.7,0.010
1118,101.2,0.010
1119,175.1,0.010
1120,101.2,0.010
1121,99.7,0.010
1122,102.7,0.010
1123,175.1,0.010
1124,103.0,0.010
1125,101.8,0.010
1126,101.0,0.010
1127,102.1,0.010
1128,101.8,0.010
1129,102.3,0.010
1130,102.1,0.010
1131,-11.599999999999984,0.010
1132,104.1,0.010
1133,-10.599999999999982,0.010
1134,69.1,0.010
1135,-10.199999999999982,0.010
1136,103.8,0.010
1137,101.8,0.010
1138,101.2,0.010
1139,100.6,0.010
1140,101.2,0.010
1141,-11.19999999999998,0.010
1142,102.1,0.010
1143,70.10000000000001,0.010
1144,104.1,0.010
1145,86.50000000000004,0.010
1146,103.8,0.010
1147,72.9,0.010
1148,100.9,0.010
1149,99.7,0.010
1150,102.7,0.010
1151,-10.19999999999998,0.010
1152,106.9,0.010
1153,101.2,0.010
1154,101.2,0.010
1155,-10.59999999999998,0.010
1156,-11.399999999999979,0.010
1157,101.2,0.010
1158,99.7,0.010
1159,75.0,0.010
1160,101.2,0.010
1161,101.9,0.010
1162,101.2,0.010
1163,20.09999999999999,0.010
1164,101.8,0.010
1165,173.3,0.010
1166,101.2,0.010
1167,-10.39999999999998,0.010
1168,104.2,0.010
1169,101.8,0.010
1170,100.6,0.010
1171,101.8,0.010
1172,99.7,0.010
1173,101.8,0.010
1174,-10.39999999999998,0.010
1175,101.2,0.010
1176,99.7,0.010
1177,102.7,0.010
1178,72.9,0.010
1179,101.8,0.010
1180,104.2,0.010
1181,102.1,0.010
1182,101.2,0.010
1183,101.8,0.010
1184,104.2,0.010
1185,101.2,0.010
1186,-10.999999999999982,0.010
1187,103.6,0.010
1188,102.7,0.010
1189,101.2,0.010
1190,-10.99999999999998,0.010
1191,101.8,0.010
1192,104.2,0.010
1193,101.2,0.010
1194,101.8,0.010
1195,-10.39999999999998,0.010
1196,102.1,0.010
1197,100.6,0.010
1198,25.700000000000003,0.010
1199,101.5,0.010
1200,103.8,0.010
1201,101.2,0.010
1202,101.8,0.010
1203,101.8,0.010
1204,104.2,0.010
1205,101.0,0.010
1206,1.9000000000000137,0.010
1207,73.10000000000001,0.010
1208,101.2,0.010
1209,99.7,0.010
1210,100.4,0.010
1211,101.2,0.010
1212,99.7,0.010
1213,69.10000000000001,0.010
1214,101.2,0.010
1215,99.7,0.010
1216,101.8,0.010
1217,101.8,0.010
1218,76.9,0.010
1219,101.2,0.010
1220,-11.599999999999982,0.010
1221,101.8,0.010
1222,102.7,0.010
1223,104.2,0.010
1224,106.2,0.010
1225,100.2,0.010
1226,101.8,0.010
1227,99.2,0.010
1228,104.1,0.010
1229,-10.39999999999998,0.010
1230,102.1,0.010
1231,101.2,0.010
1232,101.8,0.010
1233,101.2,0.010
1234,-10.19999999999998,0.010
1235,-11.199999999999982,0.010
1236,101.2,0.010
1237,-10.199999999999982,0.010
1238,-10.999999999999979,0.010
1239,-10.59999999999998,0.010
1240,-13.39999999999998,0.010
1241,101.2,0.010
1242,102.7,0.010
1243,101.8,0.010
1244,-10.19999999999998,0.010
1245,101.8,0.010
1246,-11.399999999999983,0.010
1247,99.7,0.010
1248,101.2,0.010
1249,-10.79999999999998,0.010
1250,100.0,0.010
1251,100.2,0.010
1252,100.6,0.010
1253,100.0,0.010
1254,99.7,0.010
1255,102.1,0.010
1256,103.6,0.010
1257,99.7,0.010
1258,101.2,0.010
1259,-13.199999999999983,0.010
1260,99.7,0.010
1261,101.4,0.010
1262,100.3,0.010
1263,101.2,0.010
1264,101.2,0.010
1265,100.6,0.010
1266,101.0,0.010
1267,100.6,0.010
1268,-10.599999999999984,0.010
1269,101.2,0.010
1270,99.7,0.010
1271,-10.399999999999983,0.010
1272,99.7,0.010
1273,103.0,0.010
1274,103.8,0.010
1275,99.7,0.010
1276,-10.799999999999981,0.010
1277,102.1,0.010
1278,101.8,0.010
1279,101.2,0.010
1280,101.8,0.010
1281,99.7,0.010
1282,101.8,0.010
1283,100.9,0.010
1284,-13.199999999999983,0.010
1285,101.4,0.010
1286,100.6,0.010
1287,-10.39999999999998,0.010
1288,101.2,0.010
1289,100.0,0.010
1290,101.8,0.010
1291,101.2,0.010
1292,-12.199999999999982,0.010
1293,-10.99999999999998,0.010
1294,171.1,0.010
1295,101.2,0.010
1296,101.2,0.010
1297,2.600000000000022,0.010
1298,101.2,0.010
1299,100.6,0.010
1300,-11.399999999999979,0.010
1301,-10.599999999999982,0.010
1302,101.2,0.010
1303,101.2,0.010
1304,102.7,0.010
1305,101.2,0.010
1306,101.2,0.010
1307,101.2,0.010
1308,101.2,0.010
1309,101.2,0.010
1310,100.9,0.010
1311,102.3,0.010
1312,103.6,0.010
1313,101.2,0.010
1314,100.0,0.010
1315,100.6,0.010
1316,-10.99999999999998,0.010
1317,101.8,0.010
1318,101.8,0.010
1319,101.9,0.010
1320,104.2,0.010
1321,102.7,0.010
1322,104.2,0.010
1323,101.2,0.010
1324,101.2,0.010
1325,99.7,0.010
1326,101.4,0.010
1327,101.4,0.010
1328,103.3,0.010
1329,100.2,0.010
1330,100.6,0.010
1331,100.6,0.010
1332,101.2,0.010
1333,101.8,0.010
1334,101.8,0.010
1335,73.10000000000001,0.010
1336,102.1,0.010
1337,101.2,0.010
1338,101.4,0.010
1339,-10.39999999999998,0.010
1340,100.5,0.010
1341,-10.39999999999998,0.010
1342,101.8,0.010
1343,99.7,0.010
1344,-10.19999999999998,0.010
1345,102.7,0.010
1346,101.2,0.010
1347,-10.999999999999979,0.010
1348,99.7,0.010
1349,-12.399999999999977,0.010
1350,101.8,0.010
1351,101.8,0.010
1352,-10.59999999999998,0.010
1353,102.7,0.010
1354,-11.39999999999998,0.010
1355,101.8,0.010
1356,101.2,0.010
1357,101.5,0.010
1358,101.4,0.010
1359,101.2,0.010
1360,103.6,0.010
1361,101.2,0.010
1362,72.9,0.010
1363,104.2,0.010
1364,100.0,0.010
1365,-12.599999999999989,0.010
1366,101.4,0.010
1367,-10.599999999999982,0.010
1368,102.8,0.010
1369,102.1,0.010
1370,101.2,0.010
1371,100.0,0.010
1372,101.4,0.010
1373,101.2,0.010
1374,100.8,0.010
1375,-9.99999999999998,0.010
1376,-10.199999999999982,0.010
1377,101.2,0.010
1378,101.8,0.010
1379,-11.399999999999983,0.010
1380,-11.799999999999983,0.010
1381,102.7,0.010
1382,101.0,0.010
1383,101.4,0.010
1384,101.8,0.010
1385,105.7,0.010
1386,104.2,0.010
1387,104.0,0.010
1388,102.7,0.010
1389,101.4,0.010
1390,106.4,0.010
1391,103.8,0.010
1392,100.1,0.010
1393,101.2,0.010
1394,-12.199999999999983,0.010
1395,101.2,0.010
1396,-10.799999999999983,0.010
1397,-10.599999999999982,0.010
1398,101.8,0.010
1399,101.8,0.010
1400,99.7,0.010
1401,101.5,0.010
1402,103.9,0.010
1403,101.8,0.010
1404,104.1,0.010
1405,165.10000000000002,0.010
1406,99.7,0.010
1407,102.6,0.010
1408,101.2,0.010
1409,98.6,0.010
1410,99.7,0.010
1411,101.2,0.010
1412,-9.99999999999998,0.010
1413,91.0,0.010
1414,101.4,0.010
1415,99.7,0.010
1416,101.8,0.010
1417,101.2,0.010
1418,104.1,0.010
1419,101.2,0.010
1420,101.2,0.010
1421,-10.199999999999982,0.010
1422,99.7,0.010
1423,100.6,0.010
1424,101.8,0.010
1425,102.1,0.010
1426,103.1,0.010
1427,100.6,0.010
1428,104.1,0.010
1429,101.2,0.010
1430,100.6,0.010
1431,-10.39999999999998,0.010
1432,99.7,0.010
1433,100.6,0.010
1434,104.2,0.010
1435,101.2,0.010
1436,101.8,0.010
1437,101.2,0.010
1438,102.7,0.010
1439,101.0,0.010
1440,101.2,0.010
1441,102.1,0.010
1442,102.1,0.010
1443,101.8,0.010
1444,101.2,0.010
1445,101.8,0.010
1446,103.8,0.010
1447,-10.19999999999998,0.010
1448,100.0,0.010
1449,101.2,0.010
1450,101.2,0.010
1451,101.8,0.010
1452,102.4,0.010
1453,103.6,0.010
1454,101.2,0.010
1455,101.2,0.010
1456,72.9,0.010
1457,101.8,0.010
1458,99.2,0.010
1459,-11.199999999999982,0.010
1460,101.2,0.010
1461,101.8,0.010
1462,-11.199999999999985,0.010
1463,101.2,0.010
1464,101.8,0.010
1465,99.7,0.010
1466,101.8,0.010
1467,101.8,0.010
1468,101.8,0.010
1469,-10.799999999999981,0.010
1470,101.2,0.010
1471,101.2,0.010
1472,101.2,0.010
1473,105.5,0.010
1474,101.8,0.010
1475,-10.399999999999983,0.010
1476,99.4,0.010
1477,100.6,0.010
1478,-10.399999999999983,0.010
1479,77.1,0.010
1480,104.3,0.010
1481,102.3,0.010
1482,99.7,0.010
1483,100.8,0.010
1484,99.7,0.010
1485,101.8,0.010
1486,100.6,0.010
1487,102.3,0.010
1488,99.7,0.010
1489,99.7,0.010
1490,101.8,0.010
1491,101.8,0.010
1492,100.6,0.010
1493,-10.19999999999998,0.010
1494,101.8,0.010
1495,99.7,0.010
1496,101.0,0.010
1497,101.2,0.010
1498,98.8,0.010
1499,101.0,0.010
1500,101.2,0.010
1501,-10.599999999999982,0.010
1502,101.0,0.010
1503,71.0,0.010
1504,-10.79999999999998,0.010
1505,101.4,0.010
1506,96.9,0.010
1507,100.6,0.010
1508,101.2,0.010
1509,99.7,0.010
1510,59.89999999999998,0.010
1511,101.8,0.010
1512,-10.599999999999982,0.010
1513,102.8,0.010
1514,101.8,0.010
1515,-10.199999999999982,0.010
1516,-10.199999999999982,0.010
1517,-12.199999999999982,0.010
1518,72.9,0.010
1519,101.8,0.010
1520,-10.199999999999982,0.010
1521,73.5,0.010
1522,102.8,0.010
1523,105.1,0.010
1524,99.4,0.010
1525,101.2,0.010
1526,101.8,0.010
1527,101.8,0.010
1528,73.5,0.010
1529,101.8,0.010
1530,100.2,0.010
1531,101.8,0.010
1532,102.7,0.010
1533,99.7,0.010
1534,75.4,0.010
1535,98.2,0.010
1536,102.1,0.010
1537,100.5,0.010
1538,-10.799999999999985,0.010
1539,100.1,0.010
1540,101.2,0.010
1541,101.2,0.010
1542,101.8,0.010
1543,-8.299999999999988,0.010
1544,101.4,0.010
1545,101.2,0.010
1546,101.2,0.010
1547,99.7,0.010
1548,100.6,0.010
1549,100.6,0.010
1550,101.8,0.010
1551,96.4,0.010
1552,99.4,0.010
1553,99.7,0.010
1554,102.1,0.010
1555,103.6,0.010
1556,101.8,0.010
1557,73.3,0.010
1558,75.4,0.010
1559,102.7,0.010
1560,99.7,0.010
1561,101.2,0.010
1562,101.8,0.010
1563,101.8,0.010
1564,40.99999999999994,0.010
1565,101.2,0.010
1566,102.1,0.010
1567,101.2,0.010
1568,102.1,0.010
1569,104.2,0.010
1570,101.2,0.010
1571,100.1,0.010
1572,104.2,0.010
1573,101.8,0.010
1574,102.1,0.010
1575,102.3,0.010
1576,104.2,0.010
1577,102.7,0.010
1578,101.8,0.010
1579,101.8,0.010
1580,101.8,0.010
1581,191.60000000000002,0.010
1582,101.2,0.010
1583,-9.99999999999998,0.010
1584,101.2,0.010
1585,-9.99999999999998,0.010
1586,101.2,0.010
1587,100.1,0.010
1588,99.7,0.010
1589,-10.39999999999998,0.010
1590,100.0,0.010
1591,101.8,0.010
1592,-10.399999999999979,0.010
1593,99.7,0.010
1594,99.7,0.010
1595,99.7,0.010
1596,103.6,0.010
1597,101.2,0.010
1598,101.8,0.010
1599,101.8,0.010
1600,101.2,0.010
1601,101.2,0.010
1602,102.7,0.010
1603,101.8,0.010
1604,102.7,0.010
1605,-10.39999999999998,0.010
1606,101.8,0.010
1607,101.2,0.010
1608,101.8,0.010
1609,105.1,0.010
1610,105.3,0.010
1611,-10.79999999999998,0.010
1612,101.8,0.010
1613,-8.899999999999983,0.010
1614,71.0,0.010
1615,101.2,0.010
1616,101.8,0.010
1617,104.2,0.010
1618,163.90000000000003,0.010
1619,-10.39999999999998,0.010
1620,-10.59999999999998,0.010
1621,-10.999999999999979,0.010
1622,104.5,0.010
1623,71.0,0.010
1624,101.8,0.010
1625,99.7,0.010
1626,102.7,0.010
1627,100.6,0.010
1628,-10.19999999999998,0.010
1629,101.2,0.010
1630,99.7,0.010
1631,101.2,0.010
1632,-10.599999999999982,0.010
1633,104.2,0.010
1634,99.6,0.010
1635,101.8,0.010
1636,101.8,0.010
1637,101.2,0.010
1638,101.2,0.010
1639,104.2,0.010
1640,-13.999999999999984,0.010
1641,101.2,0.010
1642,100.6,0.010
1643,102.7,0.010
1644,99.9,0.010
1645,104.2,0.010
1646,-10.39999999999998,0.010
1647,101.8,0.010
1648,-10.799999999999981,0.010
1649,101.8,0.010
1650,-10.39999999999998,0.010
1651,-10.799999999999981,0.010
1652,101.2,0.010
1653,99.7,0.010
1654,11.699999999999969,0.010
1655,-10.99999999999998,0.010
1656,101.2,0.010
1657,104.1,0.010
1658,75.0,0.010
1659,101.2,0.010
1660,101.0,0.010
1661,101.2,0.010
1662,101.2,0.010
1663,75.4,0.010
1664,101.4,0.010
1665,101.2,0.010
1666,101.2,0.010
1667,0.4000000000000159,0.010
1668,102.7,0.010
1669,101.4,0.010
1670,73.20000000000005,0.010
1671,101.2,0.010
1672,101.2,0.010
1673,99.8,0.010
1674,99.7,0.010
1675,101.8,0.010
1676,105.1,0.010
1677,-10.599999999999982,0.010
1678,101.2,0.010
1679,102.7,0.010
1680,101.2,0.010
1681,101.2,0.010
1682,101.8,0.010
1683,101.8,0.010
1684,101.2,0.010
1685,102.7,0.010
1686,101.8,0.010
1687,101.2,0.010
1688,101.2,0.010
1689,101.2,0.010
1690,101.8,0.010
1691,-10.599999999999982,0.010
1692,101.4,0.010
1693,101.5,0.010
1694,104.2,0.010
1695,-10.599999999999982,0.010
1696,115.7,0.010
1697,101.8,0.010
1698,-9.99999999999998,0.010
1699,101.2,0.010
1700,-10.39999999999998,0.010
1701,99.7,0.010
1702,-10.79999999999998,0.010
1703,-10.39999999999998,0.010
1704,101.8,0.010
1705,101.2,0.010
1706,101.2,0.010
1707,-10.599999999999982,0.010
1708,101.8,0.010
1709,75.4,0.010
1710,100.0,0.010
1711,100.8,0.010
1712,-10.39999999999998,0.010
1713,129.00000000000003,0.010
1714,103.8,0.010
1715,101.2,0.010
1716,100.6,0.010
1717,101.8,0.010
1718,103.3,0.010
1719,92.60000000000001,0.010
1720,101.8,0.010
1721,105.3,0.010
1722,105.1,0.010
1723,101.2,0.010
1724,52.69999999999997,0.010
1725,101.8,0.010
1726,99.7,0.010
1727,101.2,0.010
1728,104.2,0.010
1729,103.8,0.010
1730,101.4,0.010
1731,-10.599999999999982,0.010
1732,101.8,0.010
1733,101.2,0.010
1734,101.8,0.010
1735,104.7,0.010
1736,101.8,0.010
1737,71.0,0.010
1738,101.2,0.010
1739,101.0,0.010
1740,103.8,0.010
1741,72.9,0.010
1742,94.4,0.010
1743,-10.39999999999998,0.010
1744,70.8,0.010
1745,-10.199999999999982,0.010
1746,-10.19999999999998,0.010
1747,101.8,0.010
1748,-10.59999999999998,0.010
1749,99.6,0.010
1750,102.1,0.010
1751,100.0,0.010
1752,101.8,0.010
1753,-11.799999999999986,0.010
1754,99.4,0.010
1755,100.6,0.010
1756,-10.199999999999982,0.010
1757,-10.99999999999998,0.010
1758,1.1000000000000139,0.010
1759,167.0,0.010
1760,103.6,0.010
1761,-10.59999999999998,0.010
1762,104.8,0.010
1763,101.2,0.010
1764,-10.19999999999998,0.010
1765,99.4,0.010
1766,101.2,0.010
1767,102.7,0.010
1768,100.9,0.010
1769,69.7,0.010
1770,101.8,0.010
1771,101.2,0.010
1772,99.4,0.010
1773,-10.599999999999982,0.010
1774,101.4,0.010
1775,101.8,0.010
1776,101.8,0.010
1777,100.9,0.010
1778,100.0,0.010
1779,101.2,0.010
1780,103.8,0.010
1781,101.8,0.010
1782,102.7,0.010
1783,99.7,0.010
1784,99.7,0.010
1785,101.2,0.010
1786,104.1,0.010
1787,104.1,0.010
1788,-12.999999999999982,0.010
1789,101.2,0.010
1790,101.2,0.010
1791,99.7,0.010
1792,163.00000000000003,0.010
1793,70.80000000000001,0.010
1794,58.599999999999994,0.010
1795,100.6,0.010
1796,101.2,0.010
1797,72.9,0.010
1798,101.2,0.010
1799,103.6,0.010
1800,101.8,0.010
1801,103.0,0.010
1802,101.2,0.010
1803,101.8,0.010
1804,103.3,0.010
1805,103.6,0.010
1806,105.6,0.010
1807,59.69999999999999,0.010
1808,99.7,0.010
1809,100.8,0.010
1810,100.6,0.010
1811,101.0,0.010
1812,71.4,0.010
1813,99.4,0.010
1814,100.6,0.010
1815,-10.799999999999981,0.010
1816,101.2,0.010
1817,101.8,0.010
1818,101.8,0.010
1819,101.2,0.010
1820,68.9,0.010
1821,73.3,0.010
1822,-10.199999999999982,0.010
1823,101.8,0.010
1824,99.7,0.010
1825,173.1,0.010
1826,100.2,0.010
1827,-10.999999999999982,0.010
1828,102.1,0.010
1829,101.2,0.010
1830,103.9,0.010
1831,99.7,0.010
1832,104.2,0.010
1833,101.8,0.010
1834,-10.39999999999998,0.010
1835,-10.599999999999982,0.010
1836,104.2,0.010
1837,101.0,0.010
1838,99.7,0.010
1839,175.0,0.010
1840,-10.599999999999982,0.010
1841,168.99999999999997,0.010
1842,101.8,0.010
1843,100.6,0.010
1844,104.2,0.010
1845,100.6,0.010
1846,101.8,0.010
1847,101.2,0.010
1848,102.3,0.010
1849,101.2,0.010
1850,101.8,0.010
1851,101.2,0.010
1852,99.7,0.010
1853,102.7,0.010
1854,102.1,0.010
1855,105.0,0.010
1856,99.7,0.010
1857,101.2,0.010
1858,100.0,0.010
1859,168.8,0.010
1860,-10.599999999999982,0.010
1861,100.0,0.010
1862,100.6,0.010
1863,100.8,0.010
1864,101.8,0.010
1865,103.0,0.010
1866,101.2,0.010
1867,101.5,0.010
1868,101.2,0.010
1869,99.7,0.010
1870,101.2,0.010
1871,101.2,0.010
1872,-10.19999999999998,0.010
1873,101.2,0.010
1874,94.60000000000001,0.010
1875,102.1,0.010
1876,101.7,0.010
1877,99.4,0.010
1878,101.4,0.010
1879,0.3000000000000157,0.010
1880,101.2,0.010
1881,101.5,0.010
1882,105.7,0.010
1883,100.6,0.010
1884,100.8,0.010
1885,100.8,0.010
1886,101.2,0.010
1887,-10.99999999999998,0.010
1888,-7.5999999999999925,0.010
1889,171.0,0.010
1890,-11.199999999999987,0.010
1891,101.8,0.010
1892,100.0,0.010
1893,71.0,0.010
1894,99.7,0.010
1895,-11.799999999999981,0.010
1896,97.7,0.010
1897,101.2,0.010
1898,104.3,0.010
1899,6.4000000000000306,0.010
1900,101.2,0.010
1901,101.8,0.010
1902,102.9,0.010
1903,101.0,0.010
1904,101.2,0.010
1905,-10.59999999999998,0.010
1906,175.0,0.010
1907,101.2,0.010
1908,-10.399999999999983,0.010
1909,101.2,0.010
1910,104.2,0.010
1911,101.8,0.010
1912,-17.600000000000016,0.010
1913,101.8,0.010
1914,72.9,0.010
1915,-9.99999999999998,0.010
1916,99.7,0.010
1917,101.2,0.010
1918,-10.99999999999998,0.010
1919,-10.19999999999998,0.010
1920,104.1,0.010
1921,100.6,0.010
1922,101.8,0.010
1923,73.3,0.010
1924,99.7,0.010
1925,102.7,0.010
1926,102.7,0.010
1927,103.6,0.010
1928,101.2,0.010
1929,101.8,0.010
1930,101.2,0.010
1931,99.4,0.010
1932,101.2,0.010
1933,100.6,0.010
1934,101.2,0.010
1935,101.5,0.010
1936,102.1,0.010
1937,103.6,0.010
1938,-10.39999999999998,0.010
1939,101.5,0.010
1940,101.8,0.010
1941,-10.799999999999983,0.010
1942,101.8,0.010
1943,100.0,0.010
1944,101.4,0.010
1945,101.8,0.010
1946,101.8,0.010
1947,175.3,0.010
1948,-10.59999999999998,0.010
1949,103.6,0.010
1950,99.7,0.010
1951,101.2,0.010
1952,-11.199999999999982,0.010
1953,-10.599999999999978,0.010
1954,101.2,0.010
1955,-10.99999999999998,0.010
1956,102.1,0.010
1957,101.8,0.010
1958,-10.39999999999998,0.010
1959,101.2,0.010
1960,101.8,0.010
1961,73.3,0.010
1962,101.8,0.010
1963,99.7,0.010
1964,-11.799999999999983,0.010
1965,100.8,0.010
1966,101.8,0.010
1967,101.5,0.010
1968,101.2,0.010
1969,103.6,0.010
1970,101.8,0.010
1971,101.2,0.010
1972,101.4,0.010
1973,99.7,0.010
1974,104.1,0.010
1975,102.8,0.010
1976,101.8,0.010
1977,101.2,0.010
1978,-11.199999999999978,0.010
1979,12.500000000000012,0.010
1980,101.8,0.010
1981,100.0,0.010
1982,101.8,0.010
1983,164.79999999999998,0.010
1984,101.8,0.010
1985,101.8,0.010
1986,101.2,0.010
1987,101.2,0.010
1988,101.2,0.010
1989,103.0,0.010
1990,101.2,0.010
1991,-10.59999999999998,0.010
1992,84.6,0.010
1993,100.2,0.010
1994,99.9,0.010
1995,101.2,0.010
1996,102.1,0.010
1997,102.1,0.010
1998,101.2,0.010
1999,100.8,0.010
2000,175.0,0.010
2001,105.4,0.010
2002,101.5,0.010
2003,102.5,0.010
2004,104.5,0.010
2005,101.2,0.010
2006,-10.599999999999982,0.010
2007,101.5,0.010
2008,101.8,0.010
2009,99.7,0.010
2010,-10.599999999999982,0.010
2011,72.9,0.010
2012,101.2,0.010
2013,101.8,0.010
2014,-10.199999999999982,0.010
2015,101.8,0.010
2016,102.7,0.010
2017,100.0,0.010
2018,101.2,0.010
2019,99.7,0.010
2020,101.8,0.010
2021,-9.099999999999985,0.010
2022,100.8,0.010
2023,102.3,0.010
2024,101.8,0.010
2025,104.1,0.010
2026,101.4,0.010
2027,101.2,0.010
2028,101.2,0.010
2029,101.4,0.010
2030,-10.399999999999983,0.010
2031,-11.199999999999982,0.010
2032,101.8,0.010
2033,101.8,0.010
2034,101.2,0.010
2035,26.099999999999902,0.010
2036,101.8,0.010
2037,105.7,0.010
2038,101.8,0.010
2039,99.7,0.010
2040,100.6,0.010
2041,101.8,0.010
2042,101.2,0.010
2043,-11.399999999999983,0.010
2044,100.6,0.010
2045,103.6,0.010
2046,73.10000000000001,0.010
2047,101.2,0.010
2048,90.90000000000002,0.010
2049,101.2,0.010
2050,-12.799999999999992,0.010
2051,104.1,0.010
2052,101.8,0.010
2053,-10.799999999999983,0.010
2054,102.6,0.010
2055,102.4,0.010
2056,-10.39999999999998,0.010
2057,101.8,0.010
2058,101.2,0.010
2059,103.4,0.010
2060,20.39999999999991,0.010
2061,106.4,0.010
2062,-10.199999999999982,0.010
2063,101.8,0.010
2064,101.2,0.010
2065,100.0,0.010
2066,105.7,0.010
2067,100.6,0.010
2068,101.2,0.010
2069,104.2,0.010
2070,99.7,0.010
2071,103.0,0.010
2072,75.0,0.010
2073,101.8,0.010
2074,71.4,0.010
2075,100.8,0.010
2076,101.8,0.010
2077,101.4,0.010
2078,101.2,0.010
2079,104.0,0.010
2080,101.8,0.010
2081,101.2,0.010
2082,100.6,0.010
2083,100.3,0.010
2084,101.2,0.010
2085,101.2,0.010
2086,101.8,0.010
2087,-11.599999999999977,0.010
2088,101.8,0.010
2089,101.2,0.010
2090,101.2,0.010
2091,75.0,0.010
2092,-11.799999999999983,0.010
2093,101.2,0.010
2094,101.2,0.010
2095,101.8,0.010
2096,101.2,0.010
2097,101.9,0.010
2098,100.6,0.010
2099,100.3,0.010
2100,102.7,0.010
2101,101.2,0.010
2102,168.99999999999997,0.010
2103,104.2,0.010
2104,101.2,0.010
2105,175.1,0.010
2106,170.99999999999997,0.010
2107,101.2,0.010
2108,101.8,0.010
2109,101.8,0.010
2110,102.4,0.010
2111,100.0,0.010
2112,-12.799999999999992,0.010
2113,102.1,0.010
2114,65.7,0.010
2115,103.0,0.010
2116,101.2,0.010
2117,101.8,0.010
2118,173.0,0.010
2119,99.7,0.010
2120,101.2,0.010
2121,100.0,0.010
2122,101.2,0.010
2123,102.1,0.010
2124,102.1,0.010
2125,100.8,0.010
2126,101.8,0.010
2127,103.2,0.010
2128,100.6,0.010
2129,100.6,0.010
2130,101.8,0.010
2131,101.0,0.010
2132,100.6,0.010
2133,101.8,0.010
2134,100.6,0.010
2135,100.6,0.010
2136,101.2,0.010
2137,101.8,0.010
2138,101.2,0.010
2139,-10.799999999999981,0.010
2140,-9.99999999999998,0.010
2141,-11.199999999999982,0.010
2142,100.9,0.010
2143,101.8,0.010
2144,101.8,0.010
2145,101.4,0.010
2146,71.0,0.010
2147,103.8,0.010
2148,101.8,0.010
2149,104.0,0.010
2150,101.8,0.010
2151,103.8,0.010
2152,101.8,0.010
2153,101.2,0.010
2154,104.3,0.010
2155,101.8,0.010
2156,-10.19999999999998,0.010
2157,103.0,0.010
2158,101.2,0.010
2159,101.2,0.010
2160,102.1,0.010
2161,99.7,0.010
2162,101.2,0.010
2163,105.7,0.010
2164,100.8,0.010
2165,99.7,0.010
2166,101.2,0.010
2167,102.1,0.010
2168,102.3,0.010
2169,99.7,0.010
2170,101.8,0.010
2171,101.5,0.010
2172,101.8,0.010
2173,102.1,0.010
2174,101.8,0.010
2175,99.7,0.010
2176,101.2,0.010
2177,-10.999999999999982,0.010
2178,104.7,0.010
2179,101.2,0.010
2180,104.2,0.010
2181,101.8,0.010
2182,-10.19999999999998,0.010
2183,-10.199999999999982,0.010
2184,105.7,0.010
2185,-12.799999999999992,0.010
2186,103.2,0.010
2187,101.8,0.010
2188,102.2,0.010
2189,104.2,0.010
2190,72.9,0.010
2191,-10.199999999999982,0.010
2192,102.1,0.010
2193,104.2,0.010
2194,101.2,0.010
2195,103.3,0.010
2196,99.7,0.010
2197,-10.399999999999979,0.010
2198,68.9,0.010
2199,100.9,0.010
2200,-10.799999999999981,0.010
2201,-10.39999999999998,0.010
2202,166.9,0.010
2203,29.599999999999945,0.010
2204,101.8,0.010
2205,-11.199999999999983,0.010
2206,99.1,0.010
2207,-9.99999999999998,0.010
2208,99.7,0.010
2209,102.9,0.010
2210,-10.39999999999998,0.010
2211,99.8,0.010
2212,104.1,0.010
2213,-10.19999999999998,0.010
2214,100.8,0.010
2215,101.8,0.010
2216,101.2,0.010
2217,-10.599999999999982,0.010
2218,101.2,0.010
2219,101.2,0.010
2220,99.7,0.010
2221,101.8,0.010
2222,101.2,0.010
2223,99.7,0.010
2224,101.8,0.010
2225,102.7,0.010
2226,37.89999999999996,0.010
2227,101.8,0.010
2228,57.99999999999997,0.010
2229,101.2,0.010
2230,104.0,0.010
2231,101.2,0.010
2232,101.8,0.010
2233,101.2,0.010
2234,102.7,0.010
2235,101.0,0.010
2236,105.7,0.010
2237,101.2,0.010
2238,100.8,0.010
2239,73.3,0.010
2240,101.7,0.010
2241,100.6,0.010
2242,100.0,0.010
2243,101.2,0.010
2244,104.9,0.010
2245,106.2,0.010
2246,101.8,0.010
2247,101.2,0.010
2248,101.8,0.010
2249,-10.799999999999981,0.010
2250,101.2,0.010
2251,100.2,0.010
2252,-12.799999999999981,0.010
2253,75.0,0.010
2254,101.8,0.010
2255,105.0,0.010
2256,101.2,0.010
2257,100.2,0.010
2258,102.7,0.010
2259,101.8,0.010
2260,-11.399999999999983,0.010
2261,-10.39999999999998,0.010
2262,99.7,0.010
2263,-10.39999999999998,0.010
2264,101.2,0.010
2265,50.19999999999998,0.010
2266,101.8,0.010
2267,101.8,0.010
2268,99.7,0.010
2269,-10.39999999999998,0.010
2270,101.2,0.010
2271,100.2,0.010
2272,101.8,0.010
2273,103.1,0.010
2274,99.7,0.010
2275,106.9,0.010
2276,101.2,0.010
2277,101.2,0.010
2278,100.6,0.010
2279,104.0,0.010
2280,99.1,0.010
2281,71.0,0.010
2282,101.2,0.010
2283,101.4,0.010
2284,-10.19999999999998,0.010
2285,105.4,0.010
2286,102.1,0.010
2287,102.7,0.010
2288,-10.39999999999998,0.010
2289,101.8,0.010
2290,103.5,0.010
2291,99.7,0.010
2292,101.8,0.010
2293,101.2,0.010
2294,101.3,0.010
2295,101.8,0.010
2296,101.5,0.010
2297,32.299999999999926,0.010
2298,99.7,0.010
2299,101.2,0.010
2300,101.2,0.010
2301,101.8,0.010
2302,100.6,0.010
2303,98.6,0.010
2304,-10.59999999999998,0.010
2305,95.30000000000001,0.010
2306,100.6,0.010
2307,102.1,0.010
2308,101.8,0.010
2309,105.5,0.010
2310,102.7,0.010
2311,102.7,0.010
2312,100.3,0.010
2313,101.4,0.010
2314,100.6,0.010
2315,101.2,0.010
2316,101.8,0.010
2317,102.1,0.010
2318,100.0,0.010
2319,99.7,0.010
2320,101.0,0.010
2321,101.4,0.010
2322,101.8,0.010
2323,99.7,0.010
2324,101.2,0.010
2325,-10.599999999999982,0.010
2326,100.8,0.010
2327,79.89999999999998,0.010
2328,101.4,0.010
2329,103.2,0.010
2330,104.2,0.010
2331,101.8,0.010
2332,101.2,0.010
2333,104.2,0.010
2334,157.3,0.010
2335,-11.599999999999984,0.010
2336,99.7,0.010
2337,101.2,0.010
2338,101.8,0.010
2339,104.2,0.010
2340,167.3,0.010
2341,101.8,0.010
2342,150.4,0.010
2343,101.8,0.010
2344,101.2,0.010
2345,101.8,0.010
2346,-12.199999999999982,0.010
2347,-10.199999999999982,0.010
2348,73.10000000000001,0.010
2349,102.7,0.010
2350,99.6,0.010
2351,101.2,0.010
2352,101.2,0.010
2353,101.2,0.010
2354,-10.59999999999998,0.010
2355,99.7,0.010
2356,104.2,0.010
2357,60.4,0.010
2358,101.8,0.010
2359,99.7,0.010
2360,-10.199999999999982,0.010
2361,99.7,0.010
2362,103.6,0.010
2363,101.2,0.010
2364,101.2,0.010
2365,101.2,0.010
2366,101.8,0.010
2367,100.4,0.010
2368,28.49999999999992,0.010
2369,99.7,0.010
2370,101.8,0.010
2371,102.7,0.010
2372,70.8,0.010
2373,75.4,0.010
2374,103.6,0.010
2375,101.8,0.010
2376,101.2,0.010
2377,101.2,0.010
2378,104.2,0.010
2379,101.2,0.010
2380,75.0,0.010
2381,101.8,0.010
2382,102.1,0.010
2383,106.9,0.010
2384,101.8,0.010
2385,77.1,0.010
2386,101.2,0.010
2387,102.1,0.010
2388,102.1,0.010
2389,100.8,0.010
2390,101.8,0.010
2391,99.7,0.010
2392,-10.599999999999982,0.010
2393,-10.79999999999998,0.010
2394,101.2,0.010
2395,101.0,0.010
2396,101.0,0.010
2397,101.5,0.010
2398,99.7,0.010
2399,99.4,0.010
2400,99.7,0.010
2401,103.6,0.010
2402,103.8,0.010
2403,99.4,0.010
2404,101.2,0.010
2405,-10.59999999999998,0.010
2406,101.2,0.010
2407,101.2,0.010
2408,-9.99999999999998,0.010
2409,100.0,0.010
2410,71.0,0.010
2411,-10.999999999999986,0.010
2412,-10.599999999999982,0.010
2413,101.8,0.010
2414,-10.39999999999998,0.010
2415,101.2,0.010
2416,100.6,0.010
2417,-13.599999999999989,0.010
2418,101.5,0.010
2419,101.8,0.010
2420,99.7,0.010
2421,75.0,0.010
2422,105.3,0.010
2423,101.2,0.010
2424,101.2,0.010
2425,104.5,0.010
2426,101.0,0.010
2427,104.2,0.010
2428,63.1,0.010
2429,100.0,0.010
2430,-10.199999999999982,0.010
2431,99.7,0.010
2432,101.2,0.010
2433,101.4,0.010
2434,101.2,0.010
2435,101.4,0.010
2436,104.2,0.010
2437,100.0,0.010
2438,101.8,0.010
2439,101.2,0.010
2440,101.8,0.010
2441,100.6,0.010
2442,102.7,0.010
2443,100.8,0.010
2444,101.8,0.010
2445,101.8,0.010
2446,99.10000000000001,0.010
2447,101.8,0.010
2448,101.8,0.010
2449,101.8,0.010
2450,101.8,0.010
2451,101.2,0.010
2452,-12.799999999999994,0.010
2453,-11.19999999999998,0.010
2454,101.8,0.010
2455,101.8,0.010
2456,101.2,0.010
2457,100.6,0.010
2458,99.7,0.010
2459,102.3,0.010
2460,-10.599999999999982,0.010
2461,92.30000000000001,0.010
2462,101.2,0.010
2463,-11.399999999999983,0.010
2464,101.3,0.010
2465,101.4,0.010
2466,105.1,0.010
2467,101.2,0.010
2468,101.2,0.010
2469,101.5,0.010
2470,103.9,0.010
2471,-10.399999999999979,0.010
2472,-11.199999999999982,0.010
2473,-11.19999999999998,0.010
2474,-10.399999999999983,0.010
2475,101.8,0.010
2476,102.1,0.010
2477,73.3,0.010
2478,-12.999999999999977,0.010
2479,104.2,0.010
2480,101.8,0.010
2481,164.9,0.010
2482,101.5,0.010
2483,101.4,0.010
2484,101.2,0.010
2485,101.8,0.010
2486,100.6,0.010
2487,101.8,0.010
2488,75.4,0.010
2489,-10.399999999999979,0.010
2490,103.2,0.010
2491,101.2,0.010
2492,99.7,0.010
2493,-10.999999999999982,0.010
2494,101.4,0.010
2495,101.4,0.010
2496,101.8,0.010
2497,101.8,0.010
2498,102.1,0.010
2499,102.1,0.010
2500,102.1,0.010
2501,100.6,0.010
2502,101.2,0.010
2503,-11.39999999999998,0.010
2504,104.2,0.010
2505,101.2,0.010
2506,101.5,0.010
2507,101.2,0.010
2508,104.2,0.010
2509,-10.39999999999998,0.010
2510,101.2,0.010
2511,173.1,0.010
2512,100.6,0.010
2513,101.5,0.010
2514,101.8,0.010
2515,-10.199999999999982,0.010
2516,99.7,0.010
2517,101.8,0.010
2518,101.2,0.010
2519,104.0,0.010
2520,102.7,0.010
2521,101.2,0.010
2522,101.2,0.010
2523,99.0,0.010
2524,100.0,0.010
2525,73.3,0.010
2526,-10.199999999999982,0.010
2527,99.7,0.010
2528,99.7,0.010
2529,105.3,0.010
2530,101.2,0.010
2531,101.2,0.010
2532,28.699999999999992,0.010
2533,101.8,0.010
2534,175.1,0.010
2535,101.8,0.010
2536,-0.39999999999998836,0.010
2537,101.2,0.010
2538,-10.39999999999998,0.010
2539,102.7,0.010
2540,99.4,0.010
2541,101.8,0.010
2542,-10.59999999999998,0.010
2543,101.8,0.010
2544,75.0,0.010
2545,102.1,0.010
2546,101.2,0.010
2547,101.2,0.010
2548,101.8,0.010
2549,101.8,0.010
2550,101.8,0.010
2551,102.1,0.010
2552,101.8,0.010
2553,100.6,0.010
2554,102.7,0.010
2555,101.2,0.010
2556,101.8,0.010
2557,-10.799999999999981,0.010
2558,101.2,0.010
2559,-11.199999999999987,0.010
2560,101.2,0.010
2561,101.8,0.010
2562,-10.39999999999998,0.010
2563,101.8,0.010
2564,75.0,0.010
2565,105.7,0.010
2566,101.2,0.010
2567,102.1,0.010
2568,-10.799999999999981,0.010
2569,101.2,0.010
2570,103.0,0.010
2571,100.9,0.010
2572,103.6,0.010
2573,-10.399999999999983,0.010
2574,-10.999999999999982,0.010
2575,38.29999999999994,0.010
2576,105.7,0.010
2577,102.9,0.010
2578,102.7,0.010
2579,-10.199999999999982,0.010
2580,101.4,0.010
2581,101.8,0.010
2582,41.199999999999946,0.010
2583,101.8,0.010
2584,103.2,0.010
2585,102.3,0.010
2586,101.8,0.010
2587,101.2,0.010
2588,101.8,0.010
2589,101.8,0.010
2590,101.8,0.010
2591,101.2,0.010
2592,104.2,0.010
2593,99.7,0.010
2594,99.7,0.010
2595,99.7,0.010
2596,-10.799999999999981,0.010
2597,101.2,0.010
2598,101.2,0.010
2599,101.8,0.010
2600,101.8,0.010
2601,101.2,0.010
2602,104.2,0.010
2603,77.4,0.010
2604,99.7,0.010
2605,-13.399999999999986,0.010
2606,101.8,0.010
2607,103.2,0.010
2608,100.6,0.010
2609,101.8,0.010
2610,101.2,0.010
2611,-11.399999999999983,0.010
2612,71.0,0.010
2613,102.7,0.010
2614,69.7,0.010
2615,101.8,0.010
2616,75.0,0.010
2617,100.6,0.010
2618,101.2,0.010
2619,101.8,0.010
2620,101.8,0.010
2621,101.8,0.010
2622,105.1,0.010
2623,175.1,0.010
2624,103.9,0.010
2625,100.0,0.010
2626,-12.199999999999983,0.010
2627,99.7,0.010
2628,1.3000000000000174,0.010
2629,101.8,0.010
2630,100.6,0.010
2631,100.3,0.010
2632,102.7,0.010
2633,100.6,0.010
2634,101.8,0.010
2635,100.6,0.010
2636,101.7,0.010
2637,175.1,0.010
2638,102.4,0.010
2639,101.8,0.010
2640,101.4,0.010
2641,75.0,0.010
2642,106.4,0.010
2643,100.9,0.010
2644,104.2,0.010
2645,101.8,0.010
2646,-10.799999999999981,0.010
2647,75.0,0.010
2648,103.4,0.010
2649,101.2,0.010
2650,-6.299999999999995,0.010
2651,101.2,0.010
2652,101.2,0.010
2653,69.3,0.010
2654,101.8,0.010
2655,101.2,0.010
2656,100.8,0.010
2657,102.1,0.010
2658,101.2,0.010
2659,101.8,0.010
2660,102.7,0.010
2661,101.2,0.010
2662,101.8,0.010
2663,101.8,0.010
2664,99.7,0.010
2665,102.8,0.010
2666,101.2,0.010
2667,-16.800000000000015,0.010
2668,101.2,0.010
2669,-10.799999999999983,0.010
2670,100.6,0.010
2671,101.2,0.010
2672,73.10000000000001,0.010
2673,102.7,0.010
2674,166.9,0.010
2675,-10.39999999999998,0.010
2676,-10.799999999999981,0.010
2677,99.2,0.010
2678,101.0,0.010
2679,101.2,0.010
2680,73.10000000000001,0.010
2681,101.2,0.010
2682,104.0,0.010
2683,102.3,0.010
2684,99.9,0.010
2685,101.8,0.010
2686,104.2,0.010
2687,101.2,0.010
2688,100.8,0.010
2689,102.6,0.010
2690,-11.599999999999984,0.010
2691,102.7,0.010
2692,99.7,0.010
2693,45.69999999999998,0.010
2694,101.2,0.010
2695,99.7,0.010
2696,104.3,0.010
2697,102.1,0.010
2698,100.2,0.010
2699,-10.199999999999982,0.010
2700,99.7,0.010
2701,104.2,0.010
2702,100.6,0.010
2703,101.8,0.010
2704,-10.39999999999998,0.010
2705,-2.199999999999989,0.010
2706,104.2,0.010
2707,104.0,0.010
2708,-10.399999999999983,0.010
2709,101.2,0.010
2710,101.8,0.010
2711,101.2,0.010
2712,101.8,0.010
2713,102.8,0.010
2714,99.7,0.010
2715,103.9,0.010
2716,102.1,0.010
2717,101.8,0.010
2718,101.2,0.010
2719,102.7,0.010
2720,101.8,0.010
2721,-10.39999999999998,0.010
2722,101.2,0.010
2723,101.8,0.010
2724,101.8,0.010
2725,101.2,0.010
2726,101.8,0.010
2727,102.3,0.010
2728,105.7,0.010
2729,101.7,0.010
2730,101.2,0.010
2731,99.7,0.010
2732,101.2,0.010
2733,101.7,0.010
2734,101.2,0.010
2735,101.8,0.010
2736,102.7,0.010
2737,101.4,0.010
2738,175.1,0.010
2739,101.2,0.010
2740,101.8,0.010
2741,101.8,0.010
2742,101.2,0.010
2743,101.2,0.010
2744,104.1,0.010
2745,103.4,0.010
2746,102.1,0.010
2747,101.2,0.010
2748,101.2,0.010
2749,102.0,0.010
2750,101.2,0.010
2751,99.8,0.010
2752,105.3,0.010
2753,101.2,0.010
2754,-10.199999999999982,0.010
2755,101.8,0.010
2756,102.1,0.010
2757,75.0,0.010
2758,101.8,0.010
2759,-11.799999999999988,0.010
2760,73.3,0.010
2761,102.3,0.010
2762,102.1,0.010
2763,101.8,0.010
2764,-11.399999999999986,0.010
2765,-10.199999999999982,0.010
2766,101.2,0.010
2767,101.2,0.010
2768,100.6,0.010
2769,102.9,0.010
2770,-10.39999999999998,0.010
2771,-10.39999999999998,0.010
2772,100.30000000000001,0.010
2773,-10.599999999999982,0.010
2774,101.2,0.010
2775,101.8,0.010
2776,101.2,0.010
2777,103.8,0.010
2778,99.7,0.010
2779,99.7,0.010
2780,101.8,0.010
2781,102.9,0.010
2782,75.90000000000005,0.010
2783,101.2,0.010
2784,101.2,0.010
2785,103.6,0.010
2786,-10.39999999999998,0.010
2787,101.4,0.010
2788,103.8,0.010
2789,-10.599999999999982,0.010
2790,101.4,0.010
2791,101.8,0.010
2792,100.6,0.010
2793,101.8,0.010
2794,102.1,0.010
2795,103.2,0.010
2796,101.8,0.010
2797,101.8,0.010
2798,102.1,0.010
2799,101.2,0.010
2800,101.8,0.010
2801,101.2,0.010
2802,103.5,0.010
2803,100.9,0.010
2804,54.89999999999999,0.010
2805,102.4,0.010
2806,101.8,0.010
2807,101.2,0.010
2808,175.1,0.010
2809,101.2,0.010
2810,101.8,0.010
2811,101.8,0.010
2812,99.7,0.010
2813,100.6,0.010
2814,101.2,0.010
2815,101.2,0.010
2816,101.8,0.010
2817,104.2,0.010
2818,103.9,0.010
2819,103.8,0.010
2820,101.2,0.010
2821,101.8,0.010
2822,100.6,0.010
2823,171.0,0.010
2824,99.7,0.010
2825,99.7,0.010
2826,71.00000000000001,0.010
2827,101.2,0.010
2828,99.7,0.010
2829,101.8,0.010
2830,171.1,0.010
2831,-0.39999999999998703,0.010
2832,-11.799999999999983,0.010
2833,99.5,0.010
2834,-10.199999999999982,0.010
2835,102.1,0.010
2836,-8.099999999999982,0.010
2837,101.8,0.010
2838,101.0,0.010
2839,100.3,0.010
2840,102.1,0.010
2841,97.2,0.010
2842,104.0,0.010
2843,-10.79999999999998,0.010
2844,101.0,0.010
2845,100.9,0.010
2846,-10.39999999999998,0.010
2847,102.9,0.010
2848,101.8,0.010
2849,101.2,0.010
2850,99.7,0.010
2851,101.2,0.010
2852,-10.999999999999982,0.010
2853,101.2,0.010
2854,101.8,0.010
2855,100.6,0.010
2856,103.0,0.010
2857,102.1,0.010
2858,101.4,0.010
2859,106.9,0.010
2860,102.7,0.010
2861,103.1,0.010
2862,103.0,0.010
2863,100.0,0.010
2864,101.5,0.010
2865,101.8,0.010
2866,102.4,0.010
2867,102.1,0.010
2868,102.3,0.010
2869,99.7,0.010
2870,101.8,0.010
2871,100.8,0.010
2872,102.1,0.010
2873,100.5,0.010
2874,101.2,0.010
2875,104.2,0.010
2876,102.1,0.010
2877,102.7,0.010
2878,-11.79999999999998,0.010
2879,-10.19999999999998,0.010
2880,100.3,0.010
2881,101.2,0.010
2882,100.6,0.010
2883,-11.399999999999984,0.010
2884,101.2,0.010
2885,99.7,0.010
2886,101.8,0.010
2887,101.2,0.010
2888,101.8,0.010
2889,101.2,0.010
2890,101.8,0.010
2891,99.7,0.010
2892,101.2,0.010
2893,104.2,0.010
2894,101.5,0.010
2895,101.8,0.010
2896,101.2,0.010
2897,101.2,0.010
2898,101.2,0.010
2899,100.0,0.010
2900,-10.59999999999998,0.010
2901,101.8,0.010
2902,101.8,0.010
2903,164.9,0.010
2904,101.4,0.010
2905,-18.400000000000045,0.010
2906,102.7,0.010
2907,-10.39999999999998,0.010
2908,-13.399999999999988,0.010
2909,-10.39999999999998,0.010
2910,89.4,0.010
2911,100.6,0.010
2912,99.4,0.010
2913,101.4,0.010
2914,101.8,0.010
2915,-9.699999999999983,0.010
2916,101.2,0.010
2917,102.7,0.010
2918,100.0,0.010
2919,102.9,0.010
2920,-10.39999999999998,0.010
2921,100.0,0.010
2922,101.2,0.010
2923,101.2,0.010
2924,102.9,0.010
2925,101.2,0.010
2926,99.7,0.010
2927,101.2,0.010
2928,101.8,0.010
2929,100.6,0.010
2930,105.2,0.010
2931,52.499999999999915,0.010
2932,-10.599999999999982,0.010
2933,-10.399999999999983,0.010
2934,101.8,0.010
2935,101.8,0.010
2936,101.8,0.010
2937,101.2,0.010
2938,103.8,0.010
2939,99.9,0.010
2940,-14.59999999999998,0.010
2941,-10.799999999999981,0.010
2942,101.8,0.010
2943,101.2,0.010
2944,-10.599999999999982,0.010
2945,101.8,0.010
2946,101.8,0.010
2947,101.8,0.010
2948,101.8,0.010
2949,100.6,0.010
2950,101.2,0.010
2951,102.1,0.010
2952,-12.799999999999981,0.010
2953,104.2,0.010
2954,101.8,0.010
2955,101.8,0.010
2956,101.2,0.010
2957,103.8,0.010
2958,101.2,0.010
2959,163.5,0.010
2960,101.2,0.010
2961,101.8,0.010
2962,101.4,0.010
2963,100.6,0.010
2964,101.8,0.010
2965,101.2,0.010
2966,101.8,0.010
2967,104.7,0.010
2968,100.8,0.010
2969,101.2,0.010
2970,98.9,0.010
2971,101.8,0.010
2972,-10.599999999999982,0.010
2973,102.4,0.010
2974,-10.399999999999979,0.010
2975,99.7,0.010
2976,100.6,0.010
2977,101.8,0.010
2978,100.6,0.010
2979,6.400000000000013,0.010
2980,-10.19999999999998,0.010
2981,101.8,0.010
2982,-10.599999999999984,0.010
2983,101.2,0.010
2984,-9.499999999999984,0.010
2985,101.8,0.010
2986,-10.999999999999982,0.010
2987,101.2,0.010
2988,73.3,0.010
2989,102.7,0.010
2990,101.8,0.010
2991,101.2,0.010
2992,100.3,0.010
2993,101.8,0.010
2994,101.2,0.010
2995,101.2,0.010
2996,100.6,0.010
2997,100.6,0.010
2998,101.2,0.010
2999,75.0,0.010
3000,104.2,0.010
3001,-12.399999999999979,0.010
3002,167.0,0.010
3003,-11.39999999999998,0.010
3004,102.7,0.010
3005,-9.99999999999998,0.010
3006,102.1,0.010
3007,102.7,0.010
3008,101.2,0.010
3009,101.2,0.010
3010,101.4,0.010
3011,-11.199999999999985,0.010
3012,101.8,0.010
3013,101.8,0.010
3014,102.2,0.010
3015,101.2,0.010
3016,101.2,0.010
3017,101.2,0.010
3018,101.2,0.010
3019,101.0,0.010
3020,99.0,0.010
3021,103.7,0.010
3022,101.8,0.010
3023,-11.999999999999988,0.010
3024,100.2,0.010
3025,68.49999999999999,0.010
3026,101.8,0.010
3027,104.2,0.010
3028,-10.599999999999982,0.010
3029,171.1,0.010
3030,-9.99999999999998,0.010
3031,101.8,0.010
3032,99.7,0.010
3033,101.2,0.010
3034,101.2,0.010
3035,103.2,0.010
3036,101.4,0.010
3037,-10.399999999999979,0.010
3038,101.8,0.010
3039,99.2,0.010
3040,99.7,0.010
3041,99.4,0.010
3042,104.2,0.010
3043,71.00000000000001,0.010
3044,101.0,0.010
3045,101.2,0.010
3046,99.7,0.010
3047,100.3,0.010
3048,99.7,0.010
3049,99.7,0.010
3050,-10.39999999999998,0.010
3051,99.8,0.010
3052,101.2,0.010
3053,101.8,0.010
3054,55.9,0.010
3055,101.8,0.010
3056,101.0,0.010
3057,99.7,0.010
3058,100.0,0.010
3059,-10.999999999999982,0.010
3060,102.1,0.010
3061,8.500000000000025,0.010
3062,-10.59999999999998,0.010
3063,101.2,0.010
3064,99.7,0.010
3065,103.9,0.010
3066,101.2,0.010
3067,100.6,0.010
3068,100.8,0.010
3069,100.9,0.010
3070,102.8,0.010
3071,-8.499999999999986,0.010
3072,102.1,0.010
3073,101.2,0.010
3074,-10.39999999999998,0.010
3075,99.6,0.010
3076,104.2,0.010
3077,36.79999999999992,0.010
3078,100.0,0.010
3079,105.4,0.010
3080,-10.79999999999998,0.010
3081,101.8,0.010
3082,99.7,0.010
3083,99.7,0.010
3084,101.8,0.010
3085,101.2,0.010
3086,-10.199999999999982,0.010
3087,-11.399999999999979,0.010
3088,102.1,0.010
3089,106.8,0.010
3090,101.8,0.010
3091,101.8,0.010
3092,101.7,0.010
3093,101.2,0.010
3094,101.8,0.010
3095,103.8,0.010
3096,101.8,0.010
3097,101.2,0.010
3098,99.7,0.010
3099,102.1,0.010
3100,101.2,0.010
3101,101.8,0.010
3102,100.0,0.010
3103,100.6,0.010
3104,-10.599999999999982,0.010
3105,-10.39999999999998,0.010
3106,168.99999999999997,0.010
3107,102.2,0.010
3108,100.1,0.010
3109,105.7,0.010
3110,101.8,0.010
3111,104.2,0.010
3112,104.2,0.010
3113,100.6,0.010
3114,101.8,0.010
3115,-16.199999999999978,0.010
3116,-10.399999999999979,0.010
3117,101.2,0.010
3118,101.8,0.010
3119,100.6,0.010
3120,95.8,0.010
3121,101.2,0.010
3122,-10.39999999999998,0.010
3123,71.4,0.010
3124,-10.39999999999998,0.010
3125,100.0,0.010
3126,100.6,0.010
3127,-10.39999999999998,0.010
3128,102.9,0.010
3129,101.2,0.010
3130,-10.599999999999982,0.010
3131,101.2,0.010
3132,41.09999999999998,0.010
3133,101.2,0.010
3134,99.7,0.010
3135,101.7,0.010
3136,101.8,0.010
3137,-10.59999999999998,0.010
3138,101.2,0.010
3139,-10.59999999999998,0.010
3140,101.4,0.010
3141,101.2,0.010
3142,-10.39999999999998,0.010
3143,101.8,0.010
3144,99.7,0.010
3145,102.7,0.010
3146,102.3,0.010
3147,101.8,0.010
3148,100.6,0.010
3149,101.8,0.010
3150,-10.799999999999981,0.010
3151,101.8,0.010
3152,102.7,0.010
3153,-10.59999999999998,0.010
3154,101.8,0.010
3155,101.2,0.010
3156,-11.599999999999982,0.010
3157,169.1,0.010
3158,99.7,0.010
3159,99.7,0.010
3160,101.2,0.010
3161,100.8,0.010
3162,-11.199999999999982,0.010
3163,75.2,0.010
3164,101.4,0.010
3165,-13.599999999999987,0.010
3166,-12.99999999999998,0.010
3167,102.7,0.010
3168,101.5,0.010
3169,103.2,0.010
3170,103.1,0.010
3171,99.7,0.010
3172,101.2,0.010
3173,2.300000000000013,0.010
3174,100.0,0.010
3175,102.1,0.010
3176,101.8,0.010
3177,101.7,0.010
3178,105.2,0.010
3179,103.8,0.010
3180,101.8,0.010
3181,101.8,0.010
3182,101.2,0.010
3183,107.5,0.010
3184,101.2,0.010
3185,-10.19999999999998,0.010
3186,101.8,0.010
3187,101.5,0.010
3188,101.2,0.010
3189,101.2,0.010
3190,101.8,0.010
3191,101.8,0.010
3192,103.0,0.010
3193,104.2,0.010
3194,101.8,0.010
3195,101.8,0.010
3196,101.8,0.010
3197,104.2,0.010
3198,-15.000000000000005,0.010
3199,167.0,0.010
3200,104.7,0.010
3201,103.8,0.010
3202,100.8,0.010
3203,100.9,0.010
3204,101.2,0.010
3205,100.0,0.010
3206,101.8,0.010
3207,49.3,0.010
3208,101.2,0.010
3209,101.2,0.010
3210,99.7,0.010
3211,102.7,0.010
3212,72.9,0.010
3213,101.2,0.010
3214,-22.20000000000004,0.010
3215,101.2,0.010
3216,-10.399999999999979,0.010
3217,101.0,0.010
3218,101.8,0.010
3219,101.2,0.010
3220,101.8,0.010
3221,101.2,0.010
3222,101.2,0.010
3223,-10.39999999999998,0.010
3224,72.9,0.010
3225,101.5,0.010
3226,99.4,0.010
3227,169.0,0.010
3228,99.7,0.010
3229,100.0,0.010
3230,-10.599999999999982,0.010
3231,101.2,0.010
3232,101.2,0.010
3233,-10.39999999999998,0.010
3234,-2.400000000000002,0.010
3235,101.2,0.010
3236,101.8,0.010
3237,-10.19999999999998,0.010
3238,-11.999999999999977,0.010
3239,101.4,0.010
3240,101.2,0.010
3241,101.5,0.010
3242,169.0,0.010
3243,101.2,0.010
3244,102.1,0.010
3245,101.2,0.010
3246,99.7,0.010
3247,-10.199999999999982,0.010
3248,101.8,0.010
3249,104.0,0.010
3250,102.7,0.010
3251,101.2,0.010
3252,101.4,0.010
3253,101.2,0.010
3254,99.4,0.010
3255,-9.99999999999998,0.010
3256,101.8,0.010
3257,100.6,0.010
3258,99.7,0.010
3259,-10.399999999999983,0.010
3260,100.0,0.010
3261,101.8,0.010
3262,100.6,0.010
3263,103.8,0.010
3264,-10.59999999999998,0.010
3265,101.2,0.010
3266,100.0,0.010
3267,101.2,0.010
3268,100.6,0.010
3269,101.8,0.010
3270,101.2,0.010
3271,101.2,0.010
3272,99.9,0.010
3273,102.7,0.010
3274,103.6,0.010
3275,175.1,0.010
3276,101.8,0.010
3277,101.2,0.010
3278,102.7,0.010
3279,101.2,0.010
3280,101.8,0.010
3281,100.6,0.010
3282,103.8,0.010
3283,101.8,0.010
3284,101.2,0.010
3285,101.8,0.010
3286,101.2,0.010
3287,-10.399999999999983,0.010
3288,68.9,0.010
3289,103.3,0.010
3290,100.0,0.010
3291,101.4,0.010
3292,105.4,0.010
3293,101.8,0.010
3294,100.6,0.010
3295,99.7,0.010
3296,100.6,0.010
3297,100.8,0.010
3298,101.8,0.010
3299,100.6,0.010
3300,102.1,0.010
3301,101.8,0.010
3302,101.2,0.010
3303,101.8,0.010
3304,101.2,0.010
3305,101.2,0.010
3306,101.8,0.010
3307,99.7,0.010
3308,101.2,0.010
3309,173.1,0.010
3310,101.8,0.010
3311,101.2,0.010
3312,101.8,0.010
3313,-11.399999999999983,0.010
3314,169.0,0.010
3315,68.20000000000003,0.010
3316,-9.99999999999998,0.010
3317,102.7,0.010
3318,73.10000000000001,0.010
3319,101.8,0.010
3320,100.8,0.010
3321,100.8,0.010
3322,103.8,0.010
3323,102.3,0.010
3324,101.2,0.010
3325,100.3,0.010
3326,100.0,0.010
3327,103.0,0.010
3328,175.1,0.010
3329,100.3,0.010
3330,100.3,0.010
3331,73.3,0.010
3332,75.0,0.010
3333,-10.999999999999982,0.010
3334,101.8,0.010
3335,75.2,0.010
3336,100.6,0.010
3337,102.1,0.010
3338,103.6,0.010
3339,99.7,0.010
3340,-10.19999999999998,0.010
3341,99.7,0.010
3342,100.6,0.010
3343,101.8,0.010
3344,101.8,0.010
3345,101.8,0.010
3346,175.1,0.010
3347,102.3,0.010
3348,101.8,0.010
3349,-11.19999999999998,0.010
3350,101.8,0.010
3351,101.2,0.010
3352,101.2,0.010
3353,-11.999999999999984,0.010
3354,-10.999999999999982,0.010
3355,101.4,0.010
3356,101.2,0.010
3357,101.8,0.010
3358,101.8,0.010
3359,102.3,0.010
3360,101.2,0.010
3361,101.2,0.010
3362,102.1,0.010
3363,102.4,0.010
3364,101.8,0.010
3365,103.3,0.010
3366,102.1,0.010
3367,101.8,0.010
3368,101.4,0.010
3369,100.5,0.010
3370,-10.199999999999982,0.010
3371,105.7,0.010
3372,101.2,0.010
3373,103.0,0.010
3374,101.8,0.010
3375,101.2,0.010
3376,100.0,0.010
3377,106.4,0.010
3378,99.7,0.010
3379,101.2,0.010
3380,-10.399999999999983,0.010
3381,71.0,0.010
3382,-10.599999999999982,0.010
3383,-10.99999999999998,0.010
3384,100.6,0.010
3385,101.2,0.010
3386,100.2,0.010
3387,99.7,0.010
3388,-10.599999999999982,0.010
3389,100.6,0.010
3390,99.7,0.010
3391,102.2,0.010
3392,101.2,0.010
3393,100.3,0.010
3394,101.4,0.010
3395,29.999999999999936,0.010
3396,101.8,0.010
3397,-10.59999999999998,0.010
3398,101.8,0.010
3399,96.7,0.010
3400,102.7,0.010
3401,99.7,0.010
3402,101.8,0.010
3403,99.7,0.010
3404,104.2,0.010
3405,101.8,0.010
3406,-10.39999999999998,0.010
3407,101.2,0.010
3408,101.8,0.010
3409,101.2,0.010
3410,101.8,0.010
3411,106.9,0.010
3412,101.2,0.010
3413,101.7,0.010
3414,100.6,0.010
3415,72.9,0.010
3416,102.7,0.010
3417,73.3,0.010
3418,101.8,0.010
3419,99.8,0.010
3420,101.8,0.010
3421,101.8,0.010
3422,101.8,0.010
3423,101.2,0.010
3424,101.2,0.010
3425,101.8,0.010
3426,102.0,0.010
3427,129.4,0.010
3428,103.8,0.010
3429,101.2,0.010
3430,101.2,0.010
3431,102.3,0.010
3432,101.2,0.010
3433,101.2,0.010
3434,175.1,0.010
3435,100.6,0.010
3436,102.1,0.010
3437,101.2,0.010
3438,101.8,0.010
3439,102.8,0.010
3440,100.3,0.010
3441,-11.999999999999984,0.010
3442,101.8,0.010
3443,-10.39999999999998,0.010
3444,104.2,0.010
3445,102.7,0.010
3446,101.5,0.010
3447,104.2,0.010
3448,100.8,0.010
3449,-10.399999999999983,0.010
3450,-8.799999999999995,0.010
3451,100.0,0.010
3452,-10.099999999999989,0.010
3453,101.2,0.010
3454,101.2,0.010
3455,101.2,0.010
3456,101.8,0.010
3457,99.7,0.010
3458,101.2,0.010
3459,99.2,0.010
3460,95.4,0.010
3461,103.4,0.010
3462,100.6,0.010
3463,101.2,0.010
3464,101.2,0.010
3465,-11.199999999999978,0.010
3466,-10.199999999999982,0.010
3467,21.899999999999913,0.010
3468,101.2,0.010
3469,102.9,0.010
3470,101.2,0.010
3471,102.7,0.010
3472,101.2,0.010
3473,102.1,0.010
3474,101.8,0.010
3475,171.0,0.010
3476,99.7,0.010
3477,-8.099999999999989,0.010
3478,100.2,0.010
3479,102.1,0.010
3480,101.2,0.010
3481,101.8,0.010
3482,101.8,0.010
3483,-10.39999999999998,0.010
3484,100.0,0.010
3485,9.60000000000001,0.010
3486,-9.99999999999998,0.010
3487,102.1,0.010
3488,99.7,0.010
3489,103.6,0.010
3490,101.2,0.010
3491,101.2,0.010
3492,101.8,0.010
3493,101.8,0.010
3494,101.4,0.010
3495,48.09999999999995,0.010
3496,102.7,0.010
3497,101.2,0.010
3498,169.20000000000002,0.010
3499,101.8,0.010
3500,101.2,0.010
3501,100.0,0.010
3502,103.4,0.010
3503,-10.799999999999981,0.010
3504,99.4,0.010
3505,102.9,0.010
3506,104.4,0.010
3507,101.8,0.010
3508,101.8,0.010
3509,102.7,0.010
3510,101.8,0.010
3511,-10.799999999999981,0.010
3512,102.1,0.010
3513,101.4,0.010
3514,170.99999999999997,0.010
3515,100.2,0.010
3516,101.2,0.010
3517,-10.599999999999982,0.010
3518,-10.99999999999998,0.010
3519,169.0,0.010
3520,102.7,0.010
3521,-10.19999999999998,0.010
3522,100.6,0.010
3523,100.2,0.010
3524,-12.199999999999982,0.010
3525,102.7,0.010
3526,102.7,0.010
3527,21.699999999999996,0.010
3528,101.2,0.010
3529,101.7,0.010
3530,101.8,0.010
3531,99.7,0.010
3532,-11.19999999999998,0.010
3533,-10.799999999999981,0.010
3534,169.0,0.010
3535,101.5,0.010
3536,-10.799999999999981,0.010
3537,102.9,0.010
3538,101.5,0.010
3539,104.2,0.010
3540,171.0,0.010
3541,102.7,0.010
3542,-12.799999999999986,0.010
3543,100.6,0.010
3544,-10.39999999999998,0.010
3545,101.2,0.010
3546,101.8,0.010
3547,-11.199999999999983,0.010
3548,-10.199999999999982,0.010
3549,100.5,0.010
3550,104.0,0.010
3551,101.8,0.010
3552,101.8,0.010
3553,-10.799999999999981,0.010
3554,101.4,0.010
3555,100.6,0.010
3556,-10.399999999999983,0.010
3557,101.2,0.010
3558,101.4,0.010
3559,101.2,0.010
3560,-10.19999999999998,0.010
3561,101.8,0.010
3562,73.3,0.010
3563,-9.99999999999998,0.010
3564,101.2,0.010
3565,101.8,0.010
3566,104.0,0.010
3567,105.1,0.010
3568,-11.79999999999999,0.010
3569,-10.599999999999982,0.010
3570,101.8,0.010
3571,-10.199999999999982,0.010
3572,101.4,0.010
3573,101.8,0.010
3574,101.8,0.010
3575,101.2,0.010
3576,101.8,0.010
3577,101.2,0.010
3578,101.2,0.010
3579,101.2,0.010
3580,101.2,0.010
3581,101.2,0.010
3582,-10.79999999999998,0.010
3583,101.2,0.010
3584,101.8,0.010
3585,101.4,0.010
3586,100.6,0.010
3587,-12.39999999999998,0.010
3588,100.6,0.010
3589,105.6,0.010
3590,75.2,0.010
3591,103.8,0.010
3592,102.1,0.010
3593,-10.99999999999998,0.010
3594,-10.399999999999983,0.010
3595,101.8,0.010
3596,-10.199999999999982,0.010
3597,101.4,0.010
3598,103.8,0.010
3599,175.1,0.010
3600,72.9,0.010
3601,102.3,0.010
3602,-10.799999999999983,0.010
3603,101.0,0.010
3604,101.8,0.010
3605,-9.499999999999986,0.010
3606,171.0,0.010
3607,103.0,0.010
3608,75.0,0.010
3609,101.8,0.010
3610,-10.59999999999998,0.010
3611,69.3,0.010
3612,101.2,0.010
3613,101.8,0.010
3614,101.8,0.010
3615,101.2,0.010
3616,104.2,0.010
3617,101.8,0.010
3618,99.7,0.010
3619,101.2,0.010
3620,101.8,0.010
3621,68.7,0.010
3622,101.8,0.010
3623,102.7,0.010
3624,101.0,0.010
3625,101.2,0.010
3626,105.7,0.010
3627,68.9,0.010
3628,101.8,0.010
3629,101.8,0.010
3630,72.9,0.010
3631,101.3,0.010
3632,-10.599999999999982,0.010
3633,99.7,0.010
3634,72.9,0.010
3635,-10.799999999999981,0.010
3636,100.8,0.010
3637,-10.39999999999998,0.010
3638,106.7,0.010
3639,24.19999999999996,0.010
3640,101.2,0.010
3641,101.8,0.010
3642,101.2,0.010
3643,102.9,0.010
3644,100.6,0.010
3645,-10.599999999999982,0.010
3646,105.0,0.010
3647,101.2,0.010
3648,101.3,0.010
3649,104.1,0.010
3650,101.2,0.010
3651,175.3,0.010
3652,101.8,0.010
3653,101.8,0.010
3654,101.8,0.010
3655,104.2,0.010
3656,-10.59999999999998,0.010
3657,-10.599999999999982,0.010
3658,102.0,0.010
3659,-10.59999999999998,0.010
3660,-10.799999999999983,0.010
3661,100.3,0.010
3662,103.8,0.010
3663,100.6,0.010
3664,100.6,0.010
3665,101.2,0.010
3666,100.6,0.010
3667,-12.799999999999983,0.010
3668,101.2,0.010
3669,99.7,0.010
3670,101.5,0.010
3671,101.2,0.010
3672,101.5,0.010
3673,101.8,0.010
3674,99.7,0.010
3675,101.2,0.010
3676,99.7,0.010
3677,100.6,0.010
3678,101.2,0.010
3679,101.2,0.010
3680,105.7,0.010
3681,101.8,0.010
3682,101.2,0.010
3683,102.1,0.010
3684,100.0,0.010
3685,104.2,0.010
3686,101.8,0.010
3687,101.2,0.010
3688,57.8,0.010
3689,104.0,0.010
3690,105.2,0.010
3691,99.7,0.010
3692,-12.99999999999999,0.010
3693,101.5,0.010
3694,101.2,0.010
3695,103.8,0.010
3696,99.7,0.010
3697,-10.199999999999982,0.010
3698,-10.799999999999983,0.010
3699,101.8,0.010
3700,99.7,0.010
3701,102.3,0.010
3702,115.7,0.010
3703,101.5,0.010
3704,72.9,0.010
3705,101.8,0.010
3706,101.2,0.010
3707,103.3,0.010
3708,99.9,0.010
3709,75.2,0.010
3710,100.6,0.010
3711,104.1,0.010
3712,101.4,0.010
3713,101.2,0.010
3714,100.0,0.010
3715,71.2,0.010
3716,101.2,0.010
3717,103.0,0.010
3718,101.7,0.010
3719,105.3,0.010
3720,-11.199999999999985,0.010
3721,101.8,0.010
3722,-10.799999999999981,0.010
3723,101.2,0.010
3724,101.5,0.010
3725,169.4,0.010
3726,104.2,0.010
3727,101.2,0.010
3728,101.8,0.010
3729,74.9,0.010
3730,167.2,0.010
3731,101.8,0.010
3732,-10.199999999999982,0.010
3733,100.6,0.010
3734,-12.599999999999987,0.010
3735,101.8,0.010
3736,101.2,0.010
3737,99.7,0.010
3738,101.8,0.010
3739,101.4,0.010
3740,102.1,0.010
3741,101.2,0.010
3742,-10.999999999999982,0.010
3743,-10.39999999999998,0.010
3744,101.2,0.010
3745,101.2,0.010
3746,103.4,0.010
3747,99.7,0.010
3748,100.3,0.010
3749,102.7,0.010
3750,104.2,0.010
3751,101.8,0.010
3752,-10.599999999999982,0.010
3753,-10.399999999999983,0.010
3754,171.0,0.010
3755,101.2,0.010
3756,-11.99999999999998,0.010
3757,100.9,0.010
3758,99.7,0.010
3759,102.1,0.010
3760,101.8,0.010
3761,106.2,0.010
3762,101.2,0.010
3763,101.8,0.010
3764,101.2,0.010
3765,171.1,0.010
3766,102.3,0.010
3767,99.7,0.010
3768,103.6,0.010
3769,99.7,0.010
3770,101.2,0.010
3771,101.4,0.010
3772,-10.39999999999998,0.010
3773,115.3,0.010
3774,100.0,0.010
3775,104.5,0.010
3776,103.8,0.010
3777,101.5,0.010
3778,101.2,0.010
3779,100.6,0.010
3780,101.2,0.010
3781,101.2,0.010
3782,101.2,0.010
3783,101.4,0.010
3784,101.5,0.010
3785,99.7,0.010
3786,100.4,0.010
3787,99.4,0.010
3788,-10.399999999999983,0.010
3789,101.8,0.010
3790,101.2,0.010
3791,101.2,0.010
3792,104.2,0.010
3793,-12.799999999999983,0.010
3794,132.0,0.010
3795,101.5,0.010
3796,-10.399999999999983,0.010
3797,101.2,0.010
3798,103.0,0.010
3799,102.3,0.010
3800,101.8,0.010
3801,-10.599999999999982,0.010
3802,75.2,0.010
3803,167.0,0.010
3804,100.6,0.010
3805,99.7,0.010
3806,101.4,0.010
3807,101.2,0.010
3808,2.3000000000000096,0.010
3809,-10.199999999999982,0.010
3810,105.7,0.010
3811,102.1,0.010
3812,101.8,0.010
3813,106.9,0.010
3814,-10.399999999999983,0.010
3815,-14.799999999999981,0.010
3816,101.8,0.010
3817,-2.4999999999999956,0.010
3818,68.9,0.010
3819,101.2,0.010
3820,101.8,0.010
3821,100.9,0.010
3822,101.3,0.010
3823,101.8,0.010
3824,100.0,0.010
3825,102.7,0.010
3826,101.8,0.010
3827,105.4,0.010
3828,102.1,0.010
3829,100.3,0.010
3830,101.2,0.010
3831,101.2,0.010
3832,-10.199999999999982,0.010
3833,100.6,0.010
3834,101.2,0.010
3835,102.7,0.010
3836,-11.199999999999985,0.010
3837,99.7,0.010
3838,101.8,0.010
3839,-10.19999999999998,0.010
3840,-10.39999999999998,0.010
3841,-11.199999999999982,0.010
3842,99.7,0.010
3843,99.7,0.010
3844,104.2,0.010
3845,101.2,0.010
3846,69.90000000000003,0.010
3847,103.6,0.010
3848,101.2,0.010
3849,100.6,0.010
3850,101.8,0.010
3851,101.2,0.010
3852,-10.199999999999982,0.010
3853,103.9,0.010
3854,101.8,0.010
3855,100.6,0.010
3856,102.4,0.010
3857,-10.999999999999979,0.010
3858,101.2,0.010
3859,-10.399999999999983,0.010
3860,101.8,0.010
3861,105.3,0.010
3862,99.7,0.010
3863,101.2,0.010
3864,100.6,0.010
3865,71.4,0.010
3866,56.299999999999976,0.010
3867,-10.59999999999998,0.010
3868,105.1,0.010
3869,101.2,0.010
3870,100.0,0.010
3871,102.1,0.010
3872,101.8,0.010
3873,-10.799999999999983,0.010
3874,101.1,0.010
3875,101.2,0.010
3876,101.3,0.010
3877,-12.59999999999998,0.010
3878,105.7,0.010
3879,101.2,0.010
3880,100.4,0.010
3881,103.8,0.010
3882,75.0,0.010
3883,101.2,0.010
3884,-10.39999999999998,0.010
3885,-9.99999999999998,0.010
3886,73.3,0.010
3887,101.2,0.010
3888,73.10000000000001,0.010
3889,99.7,0.010
3890,-10.599999999999982,0.010
3891,102.4,0.010
3892,101.8,0.010
3893,-10.199999999999982,0.010
3894,101.8,0.010
3895,171.20000000000002,0.010
3896,-10.99999999999998,0.010
3897,101.2,0.010
3898,100.6,0.010
3899,101.0,0.010
3900,104.2,0.010
3901,100.8,0.010
3902,101.8,0.010
3903,99.7,0.010
3904,63.09999999999998,0.010
3905,101.2,0.010
3906,-11.19999999999998,0.010
3907,102.1,0.010
3908,-10.399999999999983,0.010
3909,101.2,0.010
3910,101.4,0.010
3911,-10.999999999999984,0.010
3912,101.8,0.010
3913,100.6,0.010
3914,101.2,0.010
3915,99.7,0.010
3916,101.2,0.010
3917,104.4,0.010
3918,101.2,0.010
3919,101.8,0.010
3920,100.0,0.010
3921,101.2,0.010
3922,101.2,0.010
3923,103.8,0.010
3924,100.6,0.010
3925,99.7,0.010
3926,63.100000000000016,0.010
3927,101.2,0.010
3928,105.4,0.010
3929,101.8,0.010
3930,-14.59999999999999,0.010
3931,105.3,0.010
3932,73.10000000000001,0.010
3933,101.8,0.010
3934,101.2,0.010
3935,101.4,0.010
3936,170.99999999999997,0.010
3937,101.0,0.010
3938,103.2,0.010
3939,101.5,0.010
3940,101.2,0.010
3941,101.8,0.010
3942,101.2,0.010
3943,101.8,0.010
3944,101.2,0.010
3945,101.2,0.010
3946,99.4,0.010
3947,99.7,0.010
3948,101.2,0.010
3949,100.8,0.010
3950,-10.199999999999982,0.010
3951,100.3,0.010
3952,175.1,0.010
3953,103.0,0.010
3954,-10.999999999999986,0.010
3955,99.7,0.010
3956,102.4,0.010
3957,-13.399999999999975,0.010
3958,101.4,0.010
3959,102.8,0.010
3960,70.8,0.010
3961,101.2,0.010
3962,101.2,0.010
3963,104.2,0.010
3964,100.0,0.010
3965,-10.39999999999998,0.010
3966,101.2,0.010
3967,-10.79999999999998,0.010
3968,101.8,0.010
3969,101.8,0.010
3970,100.8,0.010
3971,99.7,0.010
3972,100.5,0.010
3973,100.6,0.010
3974,101.4,0.010
3975,101.8,0.010
3976,75.0,0.010
3977,101.2,0.010
3978,101.2,0.010
3979,101.8,0.010
3980,101.2,0.010
3981,101.8,0.010
3982,-5.799999999999981,0.010
3983,105.1,0.010
3984,101.8,0.010
3985,101.8,0.010
3986,101.2,0.010
3987,103.9,0.010
3988,101.2,0.010
3989,162.8,0.010
3990,101.2,0.010
3991,-11.199999999999985,0.010
3992,-10.199999999999982,0.010
3993,101.2,0.010
3994,101.8,0.010
3995,101.8,0.010
3996,101.5,0.010
3997,101.4,0.010
3998,102.2,0.010
3999,101.0,0.010
4000,-10.19999999999998,0.010
4001,104.2,0.010
4002,101.2,0.010
4003,100.6,0.010
4004,101.8,0.010
4005,101.8,0.010
4006,101.2,0.010
4007,118.8,0.010
4008,101.8,0.010
4009,107.30000000000015,0.010
4010,100.5,0.010
4011,101.2,0.010
4012,105.7,0.010
4013,75.0,0.010
4014,102.7,0.010
4015,101.2,0.010
4016,99.5,0.010
4017,101.2,0.010
4018,101.8,0.010
4019,104.2,0.010
4020,16.199999999999907,0.010
4021,-10.19999999999998,0.010
4022,99.7,0.010
4023,101.2,0.010
4024,97.50000000000001,0.010
4025,73.3,0.010
4026,99.7,0.010
4027,101.8,0.010
4028,100.3,0.010
4029,102.7,0.010
4030,101.2,0.010
4031,44.59999999999995,0.010
4032,101.8,0.010
4033,99.7,0.010
4034,104.2,0.010
4035,101.8,0.010
4036,99.7,0.010
4037,37.89999999999996,0.010
4038,101.2,0.010
4039,15.299999999999915,0.010
4040,101.8,0.010
4041,102.7,0.010
4042,102.7,0.010
4043,100.0,0.010
4044,103.8,0.010
4045,103.8,0.010
4046,101.2,0.010
4047,-10.199999999999982,0.010
4048,101.8,0.010
4049,-10.399999999999983,0.010
4050,99.7,0.010
4051,101.8,0.010
4052,102.1,0.010
4053,99.7,0.010
4054,101.2,0.010
4055,104.0,0.010
4056,99.7,0.010
4057,-8.699999999999987,0.010
4058,101.2,0.010
4059,101.2,0.010
4060,102.7,0.010
4061,101.2,0.010
4062,101.2,0.010
4063,101.8,0.010
4064,104.0,0.010
4065,103.0,0.010
4066,98.2,0.010
4067,108.4,0.010
4068,101.8,0.010
4069,101.8,0.010
4070,101.2,0.010
4071,101.8,0.010
4072,101.2,0.010
4073,102.7,0.010
4074,101.8,0.010
4075,99.7,0.010
4076,101.8,0.010
4077,102.7,0.010
4078,101.8,0.010
4079,100.6,0.010
4080,101.8,0.010
4081,103.6,0.010
4082,101.8,0.010
4083,103.8,0.010
4084,-10.39999999999998,0.010
4085,-10.59999999999998,0.010
4086,-11.199999999999985,0.010
4087,101.2,0.010
4088,75.0,0.010
4089,73.0,0.010
4090,102.7,0.010
4091,101.8,0.010
4092,100.6,0.010
4093,99.7,0.010
4094,63.69999999999995,0.010
4095,101.2,0.010
4096,105.7,0.010
4097,101.4,0.010
4098,101.2,0.010
4099,101.2,0.010
4100,104.6,0.010
4101,101.2,0.010
4102,-10.39999999999998,0.010
4103,-11.199999999999982,0.010
4104,101.8,0.010
4105,-11.999999999999984,0.010
4106,101.8,0.010
4107,101.2,0.010
4108,101.2,0.010
4109,101.2,0.010
4110,101.8,0.010
4111,101.8,0.010
4112,101.2,0.010
4113,102.7,0.010
4114,102.4,0.010
4115,-11.19999999999998,0.010
4116,101.2,0.010
4117,-11.39999999999998,0.010
4118,102.8,0.010
4119,101.5,0.010
4120,101.2,0.010
4121,102.1,0.010
4122,100.6,0.010
4123,-10.399999999999979,0.010
4124,101.8,0.010
4125,102.7,0.010
4126,101.2,0.010
4127,101.8,0.010
4128,165.10000000000002,0.010
4129,100.6,0.010
4130,-10.599999999999982,0.010
4131,100.5,0.010
4132,101.2,0.010
4133,102.1,0.010
4134,103.6,0.010
4135,101.8,0.010
4136,101.8,0.010
4137,101.2,0.010
4138,104.0,0.010
4139,101.2,0.010
4140,101.2,0.010
4141,100.2,0.010
4142,-10.999999999999984,0.010
4143,100.6,0.010
4144,101.8,0.010
4145,100.6,0.010
4146,-14.39999999999999,0.010
4147,101.2,0.010
4148,101.2,0.010
4149,101.2,0.010
4150,102.7,0.010
4151,106.9,0.010
4152,100.6,0.010
4153,99.7,0.010
4154,94.30000000000001,0.010
4155,101.8,0.010
4156,104.0,0.010
4157,101.2,0.010
4158,171.20000000000002,0.010
4159,100.0,0.010
4160,99.2,0.010
4161,99.7,0.010
4162,99.7,0.010
4163,101.8,0.010
4164,104.2,0.010
4165,175.3,0.010
4166,102.1,0.010
4167,101.8,0.010
4168,100.0,0.010
4169,103.6,0.010
4170,102.1,0.010
4171,100.6,0.010
4172,-10.399999999999983,0.010
4173,101.8,0.010
4174,101.8,0.010
4175,104.7,0.010
4176,101.2,0.010
4177,101.8,0.010
4178,101.2,0.010
4179,-12.799999999999985,0.010
4180,100.0,0.010
4181,101.2,0.010
4182,101.5,0.010
4183,101.8,0.010
4184,52.39999999999996,0.010
4185,102.9,0.010
4186,101.8,0.010
4187,99.7,0.010
4188,101.8,0.010
4189,-10.599999999999982,0.010
4190,101.8,0.010
4191,103.6,0.010
4192,72.9,0.010
4193,101.2,0.010
4194,101.8,0.010
4195,175.1,0.010
4196,109.9,0.010
4197,71.0,0.010
4198,99.2,0.010
4199,101.8,0.010
4200,101.2,0.010
4201,100.6,0.010
4202,99.7,0.010
4203,101.8,0.010
4204,101.8,0.010
4205,104.2,0.010
4206,101.8,0.010
4207,101.2,0.010
4208,101.8,0.010
4209,-10.799999999999983,0.010
4210,101.8,0.010
4211,103.8,0.010
4212,101.2,0.010
4213,100.0,0.010
4214,99.8,0.010
4215,101.4,0.010
4216,71.0,0.010
4217,101.8,0.010
4218,-10.599999999999982,0.010
4219,102.7,0.010
4220,102.7,0.010
4221,100.8,0.010
4222,100.6,0.010
4223,-10.39999999999998,0.010
4224,101.8,0.010
4225,-0.199999999999987,0.010
4226,101.8,0.010
4227,101.2,0.010
4228,101.4,0.010
4229,101.2,0.010
4230,101.2,0.010
4231,106.9,0.010
4232,100.6,0.010
4233,103.8,0.010
4234,101.8,0.010
4235,101.8,0.010
4236,99.7,0.010
4237,66.70000000000005,0.010
4238,101.8,0.010
4239,104.2,0.010
4240,106.3,0.010
4241,101.8,0.010
4242,102.7,0.010
4243,101.7,0.010
4244,100.3,0.010
4245,101.8,0.010
4246,99.7,0.010
4247,101.8,0.010
4248,104.2,0.010
4249,100.6,0.010
4250,101.2,0.010
4251,103.8,0.010
4252,-10.59999999999998,0.010
4253,101.8,0.010
4254,101.0,0.010
4255,101.8,0.010
4256,104.2,0.010
4257,99.7,0.010
4258,-10.599999999999982,0.010
4259,102.1,0.010
4260,103.6,0.010
4261,68.70000000000002,0.010
4262,101.4,0.010
4263,101.4,0.010
4264,101.8,0.010
4265,100.6,0.010
4266,-11.199999999999982,0.010
4267,101.8,0.010
4268,101.2,0.010
4269,102.7,0.010
4270,101.8,0.010
4271,103.8,0.010
4272,101.5,0.010
4273,104.1,0.010
4274,57.799999999999976,0.010
4275,101.8,0.010
4276,101.2,0.010
4277,100.6,0.010
4278,75.2,0.010
4279,101.8,0.010
4280,71.0,0.010
4281,100.6,0.010
4282,105.1,0.010
4283,101.2,0.010
4284,100.8,0.010
4285,102.3,0.010
4286,101.2,0.010
4287,104.1,0.010
4288,101.2,0.010
4289,104.2,0.010
4290,-10.39999999999998,0.010
4291,101.2,0.010
4292,100.6,0.010
4293,105.7,0.010
4294,99.4,0.010
4295,101.8,0.010
4296,101.5,0.010
4297,-10.599999999999982,0.010
4298,-11.799999999999988,0.010
4299,101.2,0.010
4300,100.6,0.010
4301,101.2,0.010
4302,101.8,0.010
4303,99.7,0.010
4304,-10.19999999999998,0.010
4305,81.69999999999996,0.010
4306,101.2,0.010
4307,73.5,0.010
4308,101.8,0.010
4309,-10.39999999999998,0.010
4310,101.8,0.010
4311,101.8,0.010
4312,100.3,0.010
4313,-10.39999999999998,0.010
4314,101.2,0.010
4315,175.1,0.010
4316,104.2,0.010
4317,101.2,0.010
4318,101.2,0.010
4319,100.6,0.010
4320,100.6,0.010
4321,145.0,0.010
4322,101.2,0.010
4323,101.8,0.010
4324,103.3,0.010
4325,-11.199999999999982,0.010
4326,100.3,0.010
4327,101.2,0.010
4328,101.2,0.010
4329,101.8,0.010
4330,101.8,0.010
4331,101.2,0.010
4332,99.7,0.010
4333,102.8,0.010
4334,166.9,0.010
4335,101.2,0.010
4336,-10.99999999999998,0.010
4337,102.3,0.010
4338,101.2,0.010
4339,101.2,0.010
4340,102.7,0.010
4341,-10.39999999999998,0.010
4342,101.2,0.010
4343,-13.39999999999998,0.010
4344,101.2,0.010
4345,101.8,0.010
4346,70.8,0.010
4347,103.8,0.010
4348,100.39999999999999,0.010
4349,101.8,0.010
4350,71.2,0.010
4351,101.2,0.010
4352,73.3,0.010
4353,101.8,0.010
4354,99.7,0.010
4355,-10.599999999999982,0.010
4356,101.2,0.010
4357,175.1,0.010
4358,99.7,0.010
4359,101.8,0.010
4360,102.7,0.010
4361,102.7,0.010
4362,-10.199999999999982,0.010
4363,101.2,0.010
4364,-10.39999999999998,0.010
4365,102.4,0.010
4366,101.8,0.010
4367,99.7,0.010
4368,101.2,0.010
4369,100.1,0.010
4370,101.8,0.010
4371,102.7,0.010
4372,101.2,0.010
4373,101.8,0.010
4374,-9.99999999999998,0.010
4375,-10.99999999999998,0.010
4376,22.099999999999998,0.010
4377,104.0,0.010
4378,-10.799999999999981,0.010
4379,99.7,0.010
4380,100.0,0.010
4381,75.2,0.010
4382,105.0,0.010
4383,101.8,0.010
4384,103.6,0.010
4385,101.8,0.010
4386,72.9,0.010
4387,101.2,0.010
4388,101.2,0.010
4389,-10.59999999999998,0.010
4390,101.8,0.010
4391,101.2,0.010
4392,-10.199999999999982,0.010
4393,101.8,0.010
4394,99.7,0.010
4395,101.8,0.010
4396,104.2,0.010
4397,-12.999999999999988,0.010
4398,-12.39999999999998,0.010
4399,101.8,0.010
4400,-10.79999999999998,0.010
4401,106.9,0.010
4402,101.2,0.010
4403,101.2,0.010
4404,100.8,0.010
4405,101.2,0.010
4406,-10.199999999999982,0.010
4407,101.2,0.010
4408,101.8,0.010
4409,-10.599999999999982,0.010
4410,101.8,0.010
4411,104.8,0.010
4412,-11.199999999999982,0.010
4413,104.2,0.010
4414,101.0,0.010
4415,-10.59999999999998,0.010
4416,101.8,0.010
4417,73.10000000000001,0.010
4418,-10.599999999999982,0.010
4419,99.7,0.010
4420,102.3,0.010
4421,101.2,0.010
4422,101.8,0.010
4423,101.8,0.010
4424,101.2,0.010
4425,161.0,0.010
4426,104.1,0.010
4427,101.8,0.010
4428,101.8,0.010
4429,105.5,0.010
4430,99.7,0.010
4431,75.0,0.010
4432,104.2,0.010
4433,101.2,0.010
4434,101.2,0.010
4435,-10.199999999999982,0.010
4436,101.5,0.010
4437,101.8,0.010
4438,101.8,0.010
4439,71.1,0.010
4440,101.2,0.010
4441,101.5,0.010
4442,99.7,0.010
4443,-10.59999999999998,0.010
4444,75.0,0.010
4445,101.8,0.010
4446,107.0,0.010
4447,102.7,0.010
4448,-10.599999999999982,0.010
4449,102.8,0.010
4450,101.2,0.010
4451,-10.39999999999998,0.010
4452,102.4,0.010
4453,62.40000000000001,0.010
4454,73.10000000000001,0.010
4455,175.1,0.010
4456,35.59999999999991,0.010
4457,104.2,0.010
4458,-10.799999999999983,0.010
4459,102.7,0.010
4460,100.6,0.010
4461,99.7,0.010
4462,101.2,0.010
4463,169.20000000000002,0.010
4464,101.2,0.010
4465,101.2,0.010
4466,101.2,0.010
4467,100.9,0.010
4468,101.8,0.010
4469,102.7,0.010
4470,107.4,0.010
4471,73.3,0.010
4472,101.2,0.010
4473,102.7,0.010
4474,101.2,0.010
4475,73.3,0.010
4476,102.1,0.010
4477,101.2,0.010
4478,101.8,0.010
4479,101.8,0.010
4480,71.0,0.010
4481,101.8,0.010
4482,100.0,0.010
4483,106.2,0.010
4484,-10.79999999999998,0.010
4485,100.6,0.010
4486,102.7,0.010
4487,101.8,0.010
4488,44.399999999999956,0.010
4489,70.8,0.010
4490,-10.39999999999998,0.010
4491,101.8,0.010
4492,71.2,0.010
4493,102.7,0.010
4494,99.7,0.010
4495,-10.399999999999983,0.010
4496,99.7,0.010
4497,106.9,0.010
4498,-9.499999999999988,0.010
4499,101.8,0.010
4500,75.4,0.010
4501,99.7,0.010
4502,75.0,0.010
4503,101.8,0.010
4504,102.7,0.010
4505,101.8,0.010
4506,100.1,0.010
4507,99.7,0.010
4508,-10.59999999999998,0.010
4509,-8.099999999999982,0.010
4510,101.2,0.010
4511,104.2,0.010
4512,100.3,0.010
4513,101.8,0.010
4514,101.4,0.010
4515,101.8,0.010
4516,104.5,0.010
4517,38.599999999999966,0.010
4518,8.800000000000013,0.010
4519,101.8,0.010
4520,101.8,0.010
4521,94.4,0.010
4522,104.2,0.010
4523,-10.199999999999982,0.010
4524,100.1,0.010
4525,101.8,0.010
4526,102.1,0.010
4527,101.8,0.010
4528,103.6,0.010
4529,101.8,0.010
4530,101.2,0.010
4531,105.7,0.010
4532,101.5,0.010
4533,-8.499999999999982,0.010
4534,99.7,0.010
4535,-10.59999999999998,0.010
4536,-10.39999999999998,0.010
4537,103.2,0.010
4538,101.2,0.010
4539,102.7,0.010
4540,101.8,0.010
4541,100.6,0.010
4542,101.8,0.010
4543,-10.199999999999982,0.010
4544,100.6,0.010
4545,100.1,0.010
4546,-10.39999999999998,0.010
4547,71.0,0.010
4548,101.2,0.010
4549,104.2,0.010
4550,100.0,0.010
4551,101.2,0.010
4552,99.7,0.010
4553,101.2,0.010
4554,101.2,0.010
4555,101.2,0.010
4556,-10.199999999999982,0.010
4557,102.1,0.010
4558,101.5,0.010
4559,103.8,0.010
4560,101.8,0.010
4561,99.7,0.010
4562,101.8,0.010
4563,101.8,0.010
4564,100.0,0.010
4565,100.0,0.010
4566,101.8,0.010
4567,101.2,0.010
4568,-10.199999999999982,0.010
4569,101.8,0.010
4570,101.2,0.010
4571,101.5,0.010
4572,104.2,0.010
4573,101.8,0.010
4574,101.2,0.010
4575,101.8,0.010
4576,101.4,0.010
4577,101.2,0.010
4578,101.2,0.010
4579,101.2,0.010
4580,102.1,0.010
4581,100.5,0.010
4582,101.8,0.010
4583,-10.799999999999981,0.010
4584,101.8,0.010
4585,100.6,0.010
4586,-10.399999999999983,0.010
4587,101.2,0.010
4588,99.7,0.010
4589,101.4,0.010
4590,101.2,0.010
4591,101.2,0.010
4592,171.0,0.010
4593,100.9,0.010
4594,101.2,0.010
4595,101.8,0.010
4596,102.1,0.010
4597,99.7,0.010
4598,101.2,0.010
4599,23.900000000000002,0.010
4600,104.2,0.010
4601,-1.7999999999999916,0.010
4602,101.8,0.010
4603,103.8,0.010
4604,99.7,0.010
4605,105.1,0.010
4606,101.2,0.010
4607,99.2,0.010
4608,101.2,0.010
4609,173.1,0.010
4610,101.8,0.010
4611,101.2,0.010
4612,101.2,0.010
4613,75.2,0.010
4614,99.2,0.010
4615,101.4,0.010
4616,100.6,0.010
4617,70.8,0.010
4618,101.4,0.010
4619,99.7,0.010
4620,101.8,0.010
4621,99.7,0.010
4622,102.4,0.010
4623,101.8,0.010
4624,100.6,0.010
4625,101.5,0.010
4626,101.2,0.010
4627,101.8,0.010
4628,-10.39999999999998,0.010
4629,99.7,0.010
4630,101.8,0.010
4631,101.8,0.010
4632,101.8,0.010
4633,101.5,0.010
4634,101.8,0.010
4635,-10.39999999999998,0.010
4636,99.1,0.010
4637,100.6,0.010
4638,101.2,0.010
4639,101.8,0.010
4640,99.0,0.010
4641,100.8,0.010
4642,100.6,0.010
4643,-10.19999999999998,0.010
4644,101.8,0.010
4645,92.10000000000001,0.010
4646,106.9,0.010
4647,99.7,0.010
4648,73.10000000000001,0.010
4649,99.7,0.010
4650,100.0,0.010
4651,100.6,0.010
4652,101.2,0.010
4653,-11.19999999999998,0.010
4654,100.6,0.010
4655,100.2,0.010
4656,103.8,0.010
4657,102.3,0.010
4658,104.2,0.010
4659,101.2,0.010
4660,101.8,0.010
4661,99.2,0.010
4662,101.2,0.010
4663,18.599999999999998,0.010
4664,99.7,0.010
4665,99.7,0.010
4666,101.8,0.010
4667,102.7,0.010
4668,-11.19999999999998,0.010
4669,-10.599999999999982,0.010
4670,101.8,0.010
4671,101.8,0.010
4672,101.2,0.010
4673,99.7,0.010
4674,101.6,0.010
4675,101.2,0.010
4676,101.0,0.010
4677,171.20000000000002,0.010
4678,101.2,0.010
4679,101.2,0.010
4680,101.2,0.010
4681,101.8,0.010
4682,101.2,0.010
4683,105.3,0.010
4684,101.8,0.010
4685,101.8,0.010
4686,101.2,0.010
4687,101.2,0.010
4688,99.7,0.010
4689,101.7,0.010
4690,101.2,0.010
4691,101.8,0.010
4692,105.7,0.010
4693,102.7,0.010
4694,101.5,0.010
4695,-10.199999999999982,0.010
4696,102.7,0.010
4697,101.2,0.010
4698,101.2,0.010
4699,175.3,0.010
4700,100.8,0.010
4701,-10.199999999999982,0.010
4702,-10.599999999999982,0.010
4703,-9.99999999999998,0.010
4704,104.2,0.010
4705,101.8,0.010
4706,104.2,0.010
4707,105.3,0.010
4708,103.0,0.010
4709,102.1,0.010
4710,-12.599999999999984,0.010
4711,101.2,0.010
4712,99.7,0.010
4713,101.8,0.010
4714,100.4,0.010
4715,-10.59999999999998,0.010
4716,105.0,0.010
4717,101.2,0.010
4718,102.7,0.010
4719,101.2,0.010
4720,104.2,0.010
4721,100.9,0.010
4722,102.7,0.010
4723,167.0,0.010
4724,101.2,0.010
4725,101.4,0.010
4726,101.2,0.010
4727,101.8,0.010
4728,73.10000000000001,0.010
4729,105.1,0.010
4730,104.2,0.010
4731,104.2,0.010
4732,101.8,0.010
4733,101.2,0.010
4734,101.2,0.010
4735,-10.999999999999984,0.010
4736,99.7,0.010
4737,100.6,0.010
4738,100.0,0.010
4739,-11.39999999999998,0.010
4740,102.8,0.010
4741,72.9,0.010
4742,101.2,0.010
4743,-10.199999999999982,0.010
4744,72.9,0.010
4745,101.2,0.010
4746,101.2,0.010
4747,-10.39999999999998,0.010
4748,71.00000000000001,0.010
4749,101.8,0.010
4750,102.5,0.010
4751,101.2,0.010
4752,-10.79999999999998,0.010
4753,171.0,0.010
4754,59.5,0.010
4755,101.8,0.010
4756,103.6,0.010
4757,100.6,0.010
4758,175.1,0.010
4759,101.8,0.010
4760,104.2,0.010
4761,101.8,0.010
4762,101.2,0.010
4763,101.2,0.010
4764,101.8,0.010
4765,97.6,0.010
4766,101.2,0.010
4767,108.3,0.010
4768,101.2,0.010
4769,102.3,0.010
4770,100.7,0.010
4771,-10.39999999999998,0.010
4772,103.6,0.010
4773,99.7,0.010
4774,101.8,0.010
4775,-10.199999999999982,0.010
4776,163.4,0.010
4777,-10.59999999999998,0.010
4778,102.7,0.010
4779,104.2,0.010
4780,101.2,0.010
4781,101.2,0.010
4782,149.20000000000002,0.010
4783,99.4,0.010
4784,101.8,0.010
4785,104.2,0.010
4786,101.2,0.010
4787,-10.799999999999981,0.010
4788,104.2,0.010
4789,105.5,0.010
4790,101.8,0.010
4791,99.7,0.010
4792,-10.599999999999982,0.010
4793,101.4,0.010
4794,100.6,0.010
4795,104.2,0.010
4796,-11.399999999999986,0.010
4797,101.8,0.010
4798,101.8,0.010
4799,100.9,0.010
4800,100.0,0.010
4801,100.6,0.010
4802,101.2,0.010
4803,101.8,0.010
4804,101.2,0.010
4805,99.7,0.010
4806,101.2,0.010
4807,101.2,0.010
4808,101.2,0.010
4809,100.0,0.010
4810,99.7,0.010
4811,102.7,0.010
4812,99.7,0.010
4813,-9.99999999999998,0.010
4814,99.4,0.010
4815,100.1,0.010
4816,100.9,0.010
4817,101.3,0.010
4818,99.7,0.010
4819,101.8,0.010
4820,101.8,0.010
4821,141.0,0.010
4822,102.3,0.010
4823,71.2,0.010
4824,101.8,0.010
4825,103.8,0.010
4826,102.7,0.010
4827,103.3,0.010
4828,102.7,0.010
4829,101.8,0.010
4830,101.2,0.010
4831,101.2,0.010
4832,75.0,0.010
4833,101.2,0.010
4834,101.2,0.010
4835,171.0,0.010
4836,99.7,0.010
4837,-10.19999999999998,0.010
4838,98.9,0.010
4839,-10.599999999999982,0.010
4840,103.6,0.010
4841,-12.39999999999998,0.010
4842,106.4,0.010
4843,102.1,0.010
4844,101.2,0.010
4845,100.3,0.010
4846,103.4,0.010
4847,101.8,0.010
4848,99.7,0.010
4849,99.9,0.010
4850,101.2,0.010
4851,99.7,0.010
4852,99.7,0.010
4853,102.4,0.010
4854,101.8,0.010
4855,102.7,0.010
4856,-11.599999999999984,0.010
4857,-10.39999999999998,0.010
4858,101.8,0.010
4859,-10.59999999999998,0.010
4860,101.8,0.010
4861,101.2,0.010
4862,101.2,0.010
4863,100.2,0.010
4864,100.0,0.010
4865,101.8,0.010
4866,101.8,0.010
4867,101.2,0.010
4868,-12.199999999999982,0.010
4869,101.2,0.010
4870,55.7,0.010
4871,102.7,0.010
4872,103.7,0.010
4873,101.0,0.010
4874,-10.199999999999982,0.010
4875,105.3,0.010
4876,102.7,0.010
4877,-10.799999999999981,0.010
4878,101.2,0.010
4879,102.7,0.010
4880,101.8,0.010
4881,42.5,0.010
4882,58.39999999999997,0.010
4883,102.1,0.010
4884,-10.99999999999998,0.010
4885,100.6,0.010
4886,100.8,0.010
4887,100.8,0.010
4888,101.2,0.010
4889,72.9,0.010
4890,102.1,0.010
4891,101.8,0.010
4892,103.8,0.010
4893,101.8,0.010
4894,62.800000000000026,0.010
4895,101.2,0.010
4896,101.8,0.010
4897,-12.799999999999974,0.010
4898,75.0,0.010
4899,103.6,0.010
4900,101.2,0.010
4901,101.2,0.010
4902,-10.799999999999981,0.010
4903,106.9,0.010
4904,-10.599999999999982,0.010
4905,101.4,0.010
4906,100.6,0.010
4907,101.2,0.010
4908,101.2,0.010
4909,100.5,0.010
4910,-10.799999999999981,0.010
4911,104.0,0.010
4912,102.1,0.010
4913,101.8,0.010
4914,48.89999999999997,0.010
4915,8.100000000000016,0.010
4916,101.8,0.010
4917,99.7,0.010
4918,99.7,0.010
4919,100.0,0.010
4920,99.7,0.010
4921,-8.499999999999982,0.010
4922,99.7,0.010
4923,-11.599999999999978,0.010
4924,101.2,0.010
4925,102.1,0.010
4926,173.1,0.010
4927,-10.39999999999998,0.010
4928,101.2,0.010
4929,99.7,0.010
4930,101.2,0.010
4931,101.8,0.010
4932,99.2,0.010
4933,99.7,0.010
4934,102.7,0.010
4935,101.8,0.010
4936,101.2,0.010
4937,101.2,0.010
4938,102.4,0.010
4939,101.8,0.010
4940,101.2,0.010
4941,107.8000000000002,0.010
4942,101.8,0.010
4943,107.0,0.010
4944,101.2,0.010
4945,-10.799999999999981,0.010
4946,99.7,0.010
4947,103.0,0.010
4948,99.7,0.010
4949,101.2,0.010
4950,101.2,0.010
4951,-10.99999999999998,0.010
4952,98.6,0.010
4953,101.8,0.010
4954,107.2,0.010
4955,99.7,0.010
4956,99.7,0.010
4957,102.1,0.010
4958,101.8,0.010
4959,101.2,0.010
4960,100.0,0.010
4961,101.8,0.010
4962,99.2,0.010
4963,101.2,0.010
4964,101.8,0.010
4965,101.8,0.010
4966,100.6,0.010
4967,101.8,0.010
4968,102.1,0.010
4969,101.8,0.010
4970,101.5,0.010
4971,103.8,0.010
4972,99.8,0.010
4973,101.2,0.010
4974,101.8,0.010
4975,101.2,0.010
4976,101.2,0.010
4977,101.2,0.010
4978,102.1,0.010
4979,101.2,0.010
4980,102.3,0.010
4981,101.2,0.010
4982,102.1,0.010
4983,102.7,0.010
4984,102.7,0.010
4985,-10.39999999999998,0.010
4986,55.89999999999998,0.010
4987,101.2,0.010
4988,103.1,0.010
4989,101.8,0.010
4990,101.2,0.010
4991,101.8,0.010
4992,100.6,0.010
4993,101.2,0.010
4994,104.0,0.010
4995,101.8,0.010
4996,-10.19999999999998,0.010
4997,101.2,0.010
4998,100.6,0.010
4999,102.9,0.010
5000,102.1,0.010
,,
,,
